participant,best_lag_ms,r_at_best,r_at_zero
P_01,-6,0.9133925043653334,0.9133925043653334
P_02,27,0.9279037655099195,0.9204776454140763
P_06,-6,0.9803582863782333,0.9803582863782333
P_07,27,0.9359340376589343,0.9248990188424951
P_08,27,0.9277955219058907,0.9186328926680085
P_10,-6,0.9744131578554093,0.9744131578554093
P_12,-6,0.966876079981057,0.966876079981057
P_13,-6,0.9494594086655925,0.9494594086655925
P_14,27,0.9090553840919197,0.9035998033306548
P_15,27,0.976373809871424,0.9693495165739585
P_16,-6,0.8838969606594699,0.8838969606594699
P_17,-6,0.9508011215458906,0.9508011215458906
P_18,27,0.9721507367844895,0.9588780753102183
P_19,-6,0.9460713593804894,0.9460713593804894
P_20,27,0.9602462904569572,0.9587965435849579
P_23,-6,0.9404497972736294,0.9404497972736294
P_24,27,0.9682222467219561,0.9624027521435101
P_25,-6,0.9627449257212541,0.9627449257212541
P_27,-6,0.8446428943336547,0.8446428943336547
P_28,27,0.9359849776801671,0.9294763685103783
P_29,27,0.9285713690368366,0.9174908987456578
P_31,-6,0.9798336216898177,0.9798336216898177
P_33,27,0.7894980482941383,0.7885137106451914
P_34,60,0.9608324498651067,0.951902290541935
P_35,-6,0.9741935102356564,0.9741935102356564
P_37,27,0.9627682335709346,0.960240451317846
P_38,27,0.8988542143137429,0.8930887551592148
P_39,27,0.9664282213370071,0.952070965305255
P_40,27,0.9440692312166616,0.9419188561386593
P_41,-6,0.9718537209820739,0.9718537209820739
P_42,27,0.9622928596795907,0.9619775733183086
P_44,-6,0.956798932592872,0.956798932592872
P_45,-6,0.9652359382005177,0.9652359382005177
P_46,-6,0.955980629660849,0.955980629660849
P_47,27,0.9201676787240861,0.9154946036409246
P_48,60,0.960509484317897,0.9438630134915501
P_50,27,0.9632445500214262,0.960459731251671
P_51,27,0.8989670587735832,0.8981809279244358
P_52,27,0.9695951599539129,0.962252366866689
P_53,60,0.9607269145323917,0.9361678882670253
P_54,27,0.9126152605115442,0.910356498304072
P_55,-6,0.9275726092429976,0.9275726092429976
P_56,-6,0.9616302120285135,0.9616302120285135
P_57,60,0.9608500216357232,0.9291828009463531
P_58,-6,0.9468040794195186,0.9468040794195186
P_59,-6,0.9730954646174114,0.9730954646174114
P_60,27,0.9220477950763056,0.9196388035473416
P_61,-6,0.9098597043154916,0.9098597043154916
P_62,27,0.9650396875846138,0.9579580597008209
P_63,27,0.9699342732431533,0.9645966518091784
P_64,27,0.9547061788439949,0.945268520071569
