subject,bias_ex,bias_ey,scatter_ex,scatter_ey
p00,3.732879724200281,-17.852503954680216,18.879084653647865,30.280461118210003
p01,-1.6927416586000144,10.78759397677429,28.63309311075625,33.946865502674264
p02,-0.6981028326740308,30.927493969009266,26.27882982256949,28.526796943565984
p03,-4.305358405075385,-29.549796512291174,26.21300085234381,34.59108627804045
p04,1.732823407819565,-2.2262337828298975,25.05464534523741,25.118820271518278
p05,-5.280275183498946,-6.290429948574313,23.155965982854152,31.085722981414154
p06,20.61632776049656,-11.41019581606662,28.317584434467413,38.90538376799343
p07,6.373566368359047,26.459897565022636,40.754618359261116,42.623200012356705
p08,-15.048527930446468,30.313740461707994,36.78775130747641,39.364185630765704
p09,3.9590079262967794,13.003010546966891,33.16287018971614,36.95598613563792
p10,-14.756860432891628,-13.612078138992318,24.116362451528634,41.46183251528672
p11,-13.72038219085347,-0.2734442797027593,26.02897688017367,36.666145625963246
p12,5.748686863498333,-29.902671872364692,38.555310589310665,41.229610555907556
p13,-5.336617365763512,-31.601685519442483,27.2764275236417,38.050985755804774
p14,8.65927537747696,-1.440145029014133,20.306238286862094,26.869109676764033
