grid,K,method,acc_mean,bits_per_selection_mean,bits_min_subject,bits_max_subject
1x2,2,M0 generalised,0.5174562485280619,0.06869758218263247,0.0,0.41266728572065087
2x1,2,M0 generalised,0.4992209315566525,0.00014054827711357614,0.0,0.0012630366009382943
1x3,3,M0 generalised,0.33241179145982225,5.666808184165243e-05,0.0,0.0003148376956294552
2x2,4,M0 generalised,0.2582175699560961,0.020174249327610694,0.0,0.12421728960361933
4x4,16,M0 generalised,0.06433116544289445,0.001897277204360215,0.0,0.012267506489679558
1x2,2,M0 generalised (x flipped),0.479776671893722,0.01690506924529543,0.0,0.08851559030129563
2x1,2,M0 generalised (x flipped),0.4992209315566525,0.00014054827711357614,0.0,0.0012630366009382943
1x3,3,M0 generalised (x flipped),0.33241179145982225,5.666808184165243e-05,0.0,0.0003148376956294552
2x2,4,M0 generalised (x flipped),0.24100336160055627,0.0061853641594937486,0.0,0.02910604455100696
4x4,16,M0 generalised (x flipped),0.05813029151380908,0.00033951040560988114,0.0,0.0017643371983147027
3x3,9,M0 original,0.1126675447337087,0.00016616926737276217,0.0,0.000757733418372819
3x3,9,M0 original (x flipped),0.1126675447337087,0.00016616926737276217,0.0,0.000757733418372819
1x2,2,M0-fit hgb,0.4786145897900711,0.0027102617408758817,0.0,0.01801515540174703
2x1,2,M0-fit hgb,0.5037570099461175,0.00022703220192951494,0.0,0.0007387859772158833
1x3,3,M0-fit hgb,0.3326949248075503,9.187901009894972e-05,0.0,0.0007144222693473701
2x2,4,M0-fit hgb,0.24302679074090092,0.0009860402286068512,0.0,0.005914440198162341
3x3,9,M0-fit hgb,0.11092724557660748,0.0001382550695104475,0.0,0.0006458433175482448
4x4,16,M0-fit hgb,0.05997507488062269,0.0002149751281990575,0.0,0.0010072799754814454
1x2,2,M0-fit ridge,0.48081668844024017,0.029558535180752195,0.0,0.25798167746111716
2x1,2,M0-fit ridge,0.5066557800881273,0.0014670108621607004,0.0,0.0059208723686979825
1x3,3,M0-fit ridge,0.3320985761845542,4.557003264440418e-05,0.0,0.0003148376956294552
2x2,4,M0-fit ridge,0.2416913349928174,0.004662960993074113,0.0,0.04381169596266887
3x3,9,M0-fit ridge,0.1108815089658806,9.149132297216293e-05,0.0,0.000555391181966236
4x4,16,M0-fit ridge,0.06122695567566798,0.0003156665849534927,0.0,0.003522516581967672
1x2,2,M1 hgb,0.8960895158360208,0.5264015901370048,0.3256680008548606,0.7112132221950912
2x1,2,M1 hgb,0.7533305033009493,0.21545288330710802,0.026340210603925107,0.4725584883016644
1x3,3,M1 hgb,0.7821449657139941,0.624327255297397,0.37385294964617377,0.8917982962235014
2x2,4,M1 hgb,0.6780789881785004,0.604928195954933,0.22518822151283135,1.0221084487035272
3x3,9,M1 hgb,0.44728418066119624,0.5424974744352176,0.22277906368999867,0.968129957184064
4x4,16,M1 hgb,0.31175147050199664,0.4368831037256822,0.18890547833579197,0.8533821422993051
1x2,2,M1 ridge,0.8946570065281262,0.5263135639213259,0.256385574383841,0.6832329914866708
2x1,2,M1 ridge,0.7543882029130147,0.21743138708643706,0.06791475684179316,0.47835327561203717
1x3,3,M1 ridge,0.7538372251115398,0.5564054420858464,0.23262589670162137,0.9654425185845235
2x2,4,M1 ridge,0.677145236341887,0.6042440884555098,0.30396702621221117,1.091035602054581
3x3,9,M1 ridge,0.4119842333495501,0.45091643053152153,0.16559776983255414,0.8648065836188652
4x4,16,M1 ridge,0.277367546722098,0.3393271495225342,0.12751491009236382,0.7206899379848601
1x2,2,M2 hgb,0.9160017937557509,0.5899498046415762,0.3951053963518621,0.7258472005121074
2x1,2,M2 hgb,0.7499935491501357,0.21383837399369474,0.04212578434156644,0.47063913471263563
1x3,3,M2 hgb,0.8274319536693784,0.7583608574555911,0.49549370466072584,1.0284327294589715
2x2,4,M2 hgb,0.6895748417298504,0.6395723328185198,0.29218039440623844,1.0988981490639602
3x3,9,M2 hgb,0.46738650715370844,0.5979136025975849,0.29733268242339683,1.1121530685161525
4x4,16,M2 hgb,0.33813210876481486,0.513976892847934,0.2410170491261061,1.1044765327718284
1x2,2,M2 ridge,0.9106965314460264,0.5729457939037347,0.354103070435301,0.7109758417504756
2x1,2,M2 ridge,0.7512913582329953,0.21786291115225617,0.033578901839118935,0.4668186144946068
1x3,3,M2 ridge,0.79863408560896,0.6761671387459663,0.3583942241888708,0.9407797772213708
2x2,4,M2 ridge,0.6873925913109864,0.6357601427745263,0.2646440583811762,1.0321168144630681
3x3,9,M2 ridge,0.44775053608917326,0.5453316214939284,0.24491998779705915,1.0742168089814537
4x4,16,M2 ridge,0.3124811083448048,0.4388835886095393,0.15619760725411158,0.9220108354165526
1x2,2,majority zone,0.5015497156920244,0.00040709478495212597,0.0,0.0028346689090222865
2x1,2,majority zone,0.4947788300326205,2.6781403933136735e-05,0.0,0.00017323933777924072
1x3,3,majority zone,0.32871329435481117,5.9399341477236094e-05,0.0,0.00028828310829842607
2x2,4,majority zone,0.25033398492669756,0.0002909798486189441,0.0,0.00258443932444119
3x3,9,majority zone,0.11138805522617395,0.0002507735052600305,0.0,0.0021963490212426606
4x4,16,majority zone,0.0652292997437845,0.00043513875825211085,0.0,0.002201301937848399
