scheme,grid,k,mean,min,max
first session,1x3,1,0.775264608804985,0.6664828033744322,0.8737791932059448
first session,1x3,3,0.815971838702732,0.7171966255678132,0.8950106157112525
first session,1x3,5,0.8091479057060098,0.7178131083711875,0.8960191082802547
first session,1x3,9,0.8285834354899998,0.7306294613887087,0.9048301486199575
first session,1x3,16,0.8367902724030288,0.7414016872160935,0.9110934182590233
first session,2x2,1,0.6166968998023462,0.5097014925373134,0.7318145161290323
first session,2x2,3,0.6841832731945161,0.5707657365347177,0.7688709677419354
first session,2x2,5,0.6891526145759528,0.6058227344992051,0.8122177419354838
first session,2x2,9,0.7063709149404916,0.6160285528877353,0.8046370967741936
first session,2x2,16,0.722219697083017,0.6177157689811811,0.8248387096774193
first session,3x3,1,0.38766701918941493,0.2930889033095393,0.48899193548387093
first session,3x3,3,0.45064361418802334,0.345425048669695,0.5523624953857512
first session,3x3,5,0.45872493662600866,0.37356751370204283,0.5620893318567737
first session,3x3,9,0.4759471211104294,0.3689984101748808,0.5944259874492432
first session,3x3,16,0.4929116108427697,0.3995575221238938,0.6186784791435954
first session,4x4,1,0.26092262417503803,0.1926995457495133,0.35125
first session,4x4,3,0.31430219413694543,0.22744970798182998,0.4010889627168697
first session,4x4,5,0.32196667892680525,0.24766371681415927,0.41136950904392766
first session,4x4,9,0.33901621260156517,0.24264705882352938,0.441749723145072
first session,4x4,16,0.35176133041520047,0.2543008849557522,0.48479838709677414
random,1x3,1,0.7788212137699866,0.6596249999999999,0.8666110740493662
random,1x3,3,0.8148442968537843,0.7161764705882353,0.9005642954856361
random,1x3,5,0.8083730687368165,0.699812030075188,0.9011635865845312
random,1x3,9,0.8275678044608862,0.7274497487437186,0.9096812885538039
random,1x3,16,0.8335484725392271,0.7353943217665615,0.9099622122981794
random,2x2,1,0.6274964647037653,0.5105000000000001,0.7567506121021336
random,2x2,3,0.6894042609997476,0.5868585732165206,0.8054776219104877
random,2x2,5,0.6916786668270046,0.5711779448621555,0.8079933110367893
random,2x2,9,0.7156091365181128,0.6037688442211055,0.8185446009389672
random,2x2,16,0.7261536884695609,0.6197476340694006,0.837432614555256
random,3x3,1,0.40241389967309593,0.29112499999999997,0.5324239244491081
random,3x3,3,0.45849604430988056,0.3389549436795995,0.5869357045143639
random,3x3,5,0.46364127808177275,0.3469924812030075,0.5966199649737303
random,3x3,9,0.48995520308404994,0.3695483415666902,0.6084989718985606
random,3x3,16,0.5010236697877914,0.37574132492113566,0.6214622641509433
random,4x4,1,0.27531429809429214,0.18415625,0.3856768100734523
random,4x4,3,0.3215918040688193,0.22184859154929576,0.44699398797595186
random,4x4,5,0.3285753791751815,0.22581453634085213,0.4404903677758319
random,4x4,9,0.35086041784492644,0.23743824982357092,0.4717639168343394
random,4x4,16,0.36303750713458843,0.2552996845425867,0.49359838274932616
