grid,method,subject,acc
1x2,majority zone,p00,0.49504612230953193
1x2,majority zone,p01,0.49242424242424243
1x2,majority zone,p02,0.5161179698216736
1x2,majority zone,p03,0.4909525435302151
1x2,majority zone,p04,0.5010489510489511
1x2,majority zone,p05,0.5177700348432056
1x2,majority zone,p06,0.5123392422662496
1x2,majority zone,p07,0.4959549771368273
1x2,majority zone,p08,0.49150704734369355
1x2,majority zone,p09,0.49098933431408603
1x2,majority zone,p10,0.5191431175934367
1x2,majority zone,p11,0.5061892130857648
1x2,majority zone,p12,0.47845096814490945
1x2,majority zone,p13,0.48397863818424564
1x2,majority zone,p14,0.5313333333333333
1x2,M0 generalised,p00,0.4403826443457465
1x2,M0 generalised,p01,0.8588154269972452
1x2,M0 generalised,p02,0.38271604938271603
1x2,M0 generalised,p03,0.35541140320928644
1x2,M0 generalised,p04,0.8188811188811189
1x2,M0 generalised,p05,0.43832752613240417
1x2,M0 generalised,p06,0.5272853667014251
1x2,M0 generalised,p07,0.4681674287724235
1x2,M0 generalised,p08,0.47090711962414167
1x2,M0 generalised,p09,0.41081279882309674
1x2,M0 generalised,p10,0.5815861440291704
1x2,M0 generalised,p11,0.4292661361626879
1x2,M0 generalised,p12,0.4522173641474079
1x2,M0 generalised,p13,0.8004005340453939
1x2,M0 generalised,p14,0.32666666666666666
1x2,M0 generalised (x flipped),p00,0.5596173556542535
1x2,M0 generalised (x flipped),p01,0.14118457300275483
1x2,M0 generalised (x flipped),p02,0.6172839506172839
1x2,M0 generalised (x flipped),p03,0.6445885967907136
1x2,M0 generalised (x flipped),p04,0.1811188811188811
1x2,M0 generalised (x flipped),p05,0.5616724738675958
1x2,M0 generalised (x flipped),p06,0.4727146332985749
1x2,M0 generalised (x flipped),p07,0.5286669011607457
1x2,M0 generalised (x flipped),p08,0.5276472714130828
1x2,M0 generalised (x flipped),p09,0.5891872011769033
1x2,M0 generalised (x flipped),p10,0.41841385597082953
1x2,M0 generalised (x flipped),p11,0.5707338638373121
1x2,M0 generalised (x flipped),p12,0.5115552779512804
1x2,M0 generalised (x flipped),p13,0.19893190921228304
1x2,M0 generalised (x flipped),p14,0.6733333333333333
1x2,M0-fit ridge,p00,0.45063204646395627
1x2,M0-fit ridge,p01,0.7083333333333334
1x2,M0-fit ridge,p02,0.42901234567901236
1x2,M0-fit ridge,p03,0.3513144417890065
1x2,M0-fit ridge,p04,0.3437062937062937
1x2,M0-fit ridge,p05,0.47247386759581883
1x2,M0-fit ridge,p06,0.5262426138338547
1x2,M0-fit ridge,p07,0.47907140344706295
1x2,M0-fit ridge,p08,0.4824719913263462
1x2,M0-fit ridge,p09,0.4071349760941523
1x2,M0-fit ridge,p10,0.6362807657247037
1x2,M0-fit ridge,p11,0.400972590627763
1x2,M0-fit ridge,p12,0.4522173641474079
1x2,M0-fit ridge,p13,0.7897196261682243
1x2,M0-fit ridge,p14,0.2826666666666667
1x2,M0-fit hgb,p00,0.5148616330714042
1x2,M0-fit hgb,p01,0.32231404958677684
1x2,M0-fit hgb,p02,0.45953360768175583
1x2,M0-fit hgb,p03,0.42642540116080574
1x2,M0-fit hgb,p04,0.5716783216783217
1x2,M0-fit hgb,p05,0.5076655052264808
1x2,M0-fit hgb,p06,0.5126868265554397
1x2,M0-fit hgb,p07,0.5001758705592684
1x2,M0-fit hgb,p08,0.4893386338995302
1x2,M0-fit hgb,p09,0.44538433247517467
1x2,M0-fit hgb,p10,0.5788514129443938
1x2,M0-fit hgb,p11,0.4496021220159151
1x2,M0-fit hgb,p12,0.44597126795752656
1x2,M0-fit hgb,p13,0.5473965287049399
1x2,M0-fit hgb,p14,0.4073333333333333
1x2,M1 ridge,p00,0.9395285275025623
1x2,M1 ridge,p01,0.9201101928374655
1x2,M1 ridge,p02,0.9166666666666666
1x2,M1 ridge,p03,0.9061113007852509
1x2,M1 ridge,p04,0.9045454545454545
1x2,M1 ridge,p05,0.9250871080139372
1x2,M1 ridge,p06,0.8773027459158846
1x2,M1 ridge,p07,0.8448821667252902
1x2,M1 ridge,p08,0.8644741597397904
1x2,M1 ridge,p09,0.8771607208532549
1x2,M1 ridge,p10,0.9288969917958068
1x2,M1 ridge,p11,0.8589743589743589
1x2,M1 ridge,p12,0.7888819487820112
1x2,M1 ridge,p13,0.92456608811749
1x2,M1 ridge,p14,0.9426666666666667
1x2,M1 hgb,p00,0.9494362828834985
1x2,M1 hgb,p01,0.8708677685950413
1x2,M1 hgb,p02,0.9204389574759945
1x2,M1 hgb,p03,0.9300102424035507
1x2,M1 hgb,p04,0.9034965034965035
1x2,M1 hgb,p05,0.9212543554006969
1x2,M1 hgb,p06,0.8859923531456378
1x2,M1 hgb,p07,0.8737249384453043
1x2,M1 hgb,p08,0.8670039754246477
1x2,M1 hgb,p09,0.8815741081279882
1x2,M1 hgb,p10,0.9179580674567
1x2,M1 hgb,p11,0.874447391688771
1x2,M1 hgb,p12,0.8226108682073704
1x2,M1 hgb,p13,0.8951935914552737
1x2,M1 hgb,p14,0.9273333333333333
1x2,M2 ridge,p00,0.9251793645370686
1x2,M2 ridge,p01,0.9493801652892562
1x2,M2 ridge,p02,0.9307270233196159
1x2,M2 ridge,p03,0.903038579720041
1x2,M2 ridge,p04,0.9286713286713286
1x2,M2 ridge,p05,0.9365853658536586
1x2,M2 ridge,p06,0.9085853319429962
1x2,M2 ridge,p07,0.8807597608160393
1x2,M2 ridge,p08,0.8612215395735453
1x2,M2 ridge,p09,0.924236851783744
1x2,M2 ridge,p10,0.9092980856882407
1x2,M2 ridge,p11,0.9177718832891246
1x2,M2 ridge,p12,0.835103060587133
1x2,M2 ridge,p13,0.9172229639519359
1x2,M2 ridge,p14,0.9326666666666666
1x2,M2 hgb,p00,0.9528527502562351
1x2,M2 hgb,p01,0.928374655647383
1x2,M2 hgb,p02,0.9334705075445816
1x2,M2 hgb,p03,0.9300102424035507
1x2,M2 hgb,p04,0.9304195804195804
1x2,M2 hgb,p05,0.929616724738676
1x2,M2 hgb,p06,0.9144942648592284
1x2,M2 hgb,p07,0.8849806542384805
1x2,M2 hgb,p08,0.8778460426454644
1x2,M2 hgb,p09,0.900331004045605
1x2,M2 hgb,p10,0.918869644484959
1x2,M2 hgb,p11,0.9155614500442086
1x2,M2 hgb,p12,0.8519675202998126
1x2,M2 hgb,p13,0.9238985313751669
1x2,M2 hgb,p14,0.9473333333333334
2x1,majority zone,p00,0.505978817902289
2x1,majority zone,p01,0.48760330578512395
2x1,majority zone,p02,0.4790809327846365
2x1,majority zone,p03,0.4930010242403551
2x1,majority zone,p04,0.5055944055944056
2x1,majority zone,p05,0.5034843205574913
2x1,majority zone,p06,0.48140424052832814
2x1,majority zone,p07,0.49419627154414353
2x1,majority zone,p08,0.49078424286230576
2x1,majority zone,p09,0.4942993747701361
2x1,majority zone,p10,0.5077484047402006
2x1,majority zone,p11,0.4960212201591512
2x1,majority zone,p12,0.48782011242973145
2x1,majority zone,p13,0.4993324432576769
2x1,majority zone,p14,0.49533333333333335
2x1,M0 generalised,p00,0.505978817902289
2x1,M0 generalised,p01,0.512396694214876
2x1,M0 generalised,p02,0.5209190672153635
2x1,M0 generalised,p03,0.4930010242403551
2x1,M0 generalised,p04,0.5055944055944056
2x1,M0 generalised,p05,0.5034843205574913
2x1,M0 generalised,p06,0.48140424052832814
2x1,M0 generalised,p07,0.49419627154414353
2x1,M0 generalised,p08,0.49078424286230576
2x1,M0 generalised,p09,0.4942993747701361
2x1,M0 generalised,p10,0.5077484047402006
2x1,M0 generalised,p11,0.4960212201591512
2x1,M0 generalised,p12,0.48782011242973145
2x1,M0 generalised,p13,0.4993324432576769
2x1,M0 generalised,p14,0.49533333333333335
2x1,M0 generalised (x flipped),p00,0.505978817902289
2x1,M0 generalised (x flipped),p01,0.512396694214876
2x1,M0 generalised (x flipped),p02,0.5209190672153635
2x1,M0 generalised (x flipped),p03,0.4930010242403551
2x1,M0 generalised (x flipped),p04,0.5055944055944056
2x1,M0 generalised (x flipped),p05,0.5034843205574913
2x1,M0 generalised (x flipped),p06,0.48140424052832814
2x1,M0 generalised (x flipped),p07,0.49419627154414353
2x1,M0 generalised (x flipped),p08,0.49078424286230576
2x1,M0 generalised (x flipped),p09,0.4942993747701361
2x1,M0 generalised (x flipped),p10,0.5077484047402006
2x1,M0 generalised (x flipped),p11,0.4960212201591512
2x1,M0 generalised (x flipped),p12,0.48782011242973145
2x1,M0 generalised (x flipped),p13,0.4993324432576769
2x1,M0 generalised (x flipped),p14,0.49533333333333335
2x1,M0-fit ridge,p00,0.5452681926887598
2x1,M0-fit ridge,p01,0.43491735537190085
2x1,M0-fit ridge,p02,0.5360082304526749
2x1,M0-fit ridge,p03,0.5281666097644248
2x1,M0-fit ridge,p04,0.49335664335664337
2x1,M0-fit ridge,p05,0.5181184668989547
2x1,M0-fit ridge,p06,0.5272853667014251
2x1,M0-fit ridge,p07,0.5409778403095322
2x1,M0-fit ridge,p08,0.5081315504156125
2x1,M0-fit ridge,p09,0.5211474806914307
2x1,M0-fit ridge,p10,0.4731084776663628
2x1,M0-fit ridge,p11,0.4991158267020336
2x1,M0-fit ridge,p12,0.4909431605246721
2x1,M0-fit ridge,p13,0.46862483311081443
2x1,M0-fit ridge,p14,0.5146666666666667
2x1,M0-fit hgb,p00,0.5158865732832252
2x1,M0-fit hgb,p01,0.5027548209366391
2x1,M0-fit hgb,p02,0.49314128943758573
2x1,M0-fit hgb,p03,0.5066575623079549
2x1,M0-fit hgb,p04,0.5027972027972027
2x1,M0-fit hgb,p05,0.5059233449477352
2x1,M0-fit hgb,p06,0.4932221063607925
2x1,M0-fit hgb,p07,0.5124868097080548
2x1,M0-fit hgb,p08,0.5019877123238164
2x1,M0-fit hgb,p09,0.5130562706877528
2x1,M0-fit hgb,p10,0.4977210574293528
2x1,M0-fit hgb,p11,0.515473032714412
2x1,M0-fit hgb,p12,0.47657713928794504
2x1,M0-fit hgb,p13,0.5026702269692924
2x1,M0-fit hgb,p14,0.516
2x1,M1 ridge,p00,0.7871540826785104
2x1,M1 ridge,p01,0.8323002754820936
2x1,M1 ridge,p02,0.7301097393689986
2x1,M1 ridge,p03,0.7101399795151929
2x1,M1 ridge,p04,0.8667832167832168
2x1,M1 ridge,p05,0.8285714285714286
2x1,M1 ridge,p06,0.8063955509210984
2x1,M1 ridge,p07,0.7530777347871966
2x1,M1 ridge,p08,0.6696783520057824
2x1,M1 ridge,p09,0.7296800294225818
2x1,M1 ridge,p10,0.7256153144940748
2x1,M1 ridge,p11,0.6737400530503979
2x1,M1 ridge,p12,0.6677076826983136
2x1,M1 ridge,p13,0.6522029372496663
2x1,M1 ridge,p14,0.8826666666666667
2x1,M1 hgb,p00,0.8069695934403827
2x1,M1 hgb,p01,0.7668732782369146
2x1,M1 hgb,p02,0.7397119341563786
2x1,M1 hgb,p03,0.7787640833048822
2x1,M1 hgb,p04,0.8608391608391608
2x1,M1 hgb,p05,0.8271777003484321
2x1,M1 hgb,p06,0.7897115050399722
2x1,M1 hgb,p07,0.684488216672529
2x1,M1 hgb,p08,0.6570292735814962
2x1,M1 hgb,p09,0.752850312614932
2x1,M1 hgb,p10,0.7215132178669098
2x1,M1 hgb,p11,0.737842617152962
2x1,M1 hgb,p12,0.5952529668956902
2x1,M1 hgb,p13,0.7002670226969292
2x1,M1 hgb,p14,0.8806666666666667
2x1,M2 ridge,p00,0.7714383327639222
2x1,M2 ridge,p01,0.8543388429752066
2x1,M2 ridge,p02,0.7510288065843621
2x1,M2 ridge,p03,0.6637077500853533
2x1,M2 ridge,p04,0.8695804195804195
2x1,M2 ridge,p05,0.8222996515679443
2x1,M2 ridge,p06,0.824469933958985
2x1,M2 ridge,p07,0.6074569117129792
2x1,M2 ridge,p08,0.667871340802313
2x1,M2 ridge,p09,0.7554247885251931
2x1,M2 ridge,p10,0.7183226982680037
2x1,M2 ridge,p11,0.7506631299734748
2x1,M2 ridge,p12,0.665209244222361
2x1,M2 ridge,p13,0.6688918558077437
2x1,M2 ridge,p14,0.8786666666666667
2x1,M2 hgb,p00,0.7970618380594465
2x1,M2 hgb,p01,0.8102617079889807
2x1,M2 hgb,p02,0.7187928669410151
2x1,M2 hgb,p03,0.7360874018436326
2x1,M2 hgb,p04,0.8741258741258742
2x1,M2 hgb,p05,0.837979094076655
2x1,M2 hgb,p06,0.7893639207507821
2x1,M2 hgb,p07,0.6331340133661625
2x1,M2 hgb,p08,0.6602818937477413
2x1,M2 hgb,p09,0.7499080544317764
2x1,M2 hgb,p10,0.699179580674567
2x1,M2 hgb,p11,0.7652519893899205
2x1,M2 hgb,p12,0.6202373516552155
2x1,M2 hgb,p13,0.678237650200267
2x1,M2 hgb,p14,0.88
1x3,majority zone,p00,0.3385719166381961
1x3,majority zone,p01,0.33298898071625344
1x3,majority zone,p02,0.3278463648834019
1x3,majority zone,p03,0.34277910549675655
1x3,majority zone,p04,0.34055944055944054
1x3,majority zone,p05,0.32125435540069686
1x3,majority zone,p06,0.33124782759819255
1x3,majority zone,p07,0.316918747801618
1x3,majority zone,p08,0.3382724972894832
1x3,majority zone,p09,0.3424052960647297
1x3,majority zone,p10,0.3122151321786691
1x3,majority zone,p11,0.3244916003536693
1x3,majority zone,p12,0.316052467207995
1x3,majority zone,p13,0.32176234979973295
1x3,majority zone,p14,0.3233333333333333
1x3,M0 generalised,p00,0.3361803894772805
1x3,M0 generalised,p01,0.3367768595041322
1x3,M0 generalised,p02,0.3268175582990398
1x3,M0 generalised,p03,0.3400477978832366
1x3,M0 generalised,p04,0.33356643356643356
1x3,M0 generalised,p05,0.343205574912892
1x3,M0 generalised,p06,0.3267292318387209
1x3,M0 generalised,p07,0.316918747801618
1x3,M0 generalised,p08,0.34116371521503436
1x3,M0 generalised,p09,0.3284295696947407
1x3,M0 generalised,p10,0.33773928896991795
1x3,M0 generalised,p11,0.33775419982316535
1x3,M0 generalised,p12,0.33041848844472205
1x3,M0 generalised,p13,0.32176234979973295
1x3,M0 generalised,p14,0.32866666666666666
1x3,M0 generalised (x flipped),p00,0.3361803894772805
1x3,M0 generalised (x flipped),p01,0.3367768595041322
1x3,M0 generalised (x flipped),p02,0.3268175582990398
1x3,M0 generalised (x flipped),p03,0.3400477978832366
1x3,M0 generalised (x flipped),p04,0.33356643356643356
1x3,M0 generalised (x flipped),p05,0.343205574912892
1x3,M0 generalised (x flipped),p06,0.3267292318387209
1x3,M0 generalised (x flipped),p07,0.316918747801618
1x3,M0 generalised (x flipped),p08,0.34116371521503436
1x3,M0 generalised (x flipped),p09,0.3284295696947407
1x3,M0 generalised (x flipped),p10,0.33773928896991795
1x3,M0 generalised (x flipped),p11,0.33775419982316535
1x3,M0 generalised (x flipped),p12,0.33041848844472205
1x3,M0 generalised (x flipped),p13,0.32176234979973295
1x3,M0 generalised (x flipped),p14,0.32866666666666666
1x3,M0-fit ridge,p00,0.3361803894772805
1x3,M0-fit ridge,p01,0.3367768595041322
1x3,M0-fit ridge,p02,0.3268175582990398
1x3,M0-fit ridge,p03,0.3400477978832366
1x3,M0-fit ridge,p04,0.33356643356643356
1x3,M0-fit ridge,p05,0.343205574912892
1x3,M0-fit ridge,p06,0.3267292318387209
1x3,M0-fit ridge,p07,0.316918747801618
1x3,M0-fit ridge,p08,0.33646548608601373
1x3,M0-fit ridge,p09,0.3284295696947407
1x3,M0-fit ridge,p10,0.33773928896991795
1x3,M0-fit ridge,p11,0.33775419982316535
1x3,M0-fit ridge,p12,0.33041848844472205
1x3,M0-fit ridge,p13,0.32176234979973295
1x3,M0-fit ridge,p14,0.32866666666666666
1x3,M0-fit hgb,p00,0.3382302699009224
1x3,M0-fit hgb,p01,0.33987603305785125
1x3,M0-fit hgb,p02,0.3278463648834019
1x3,M0-fit hgb,p03,0.33356094230112665
1x3,M0-fit hgb,p04,0.3367132867132867
1x3,M0-fit hgb,p05,0.3425087108013937
1x3,M0-fit hgb,p06,0.3291623218630518
1x3,M0-fit hgb,p07,0.3176222300386915
1x3,M0-fit hgb,p08,0.32092518973617634
1x3,M0-fit hgb,p09,0.32622287605737404
1x3,M0-fit hgb,p10,0.3482224247948952
1x3,M0-fit hgb,p11,0.3390804597701149
1x3,M0-fit hgb,p12,0.3266708307307932
1x3,M0-fit hgb,p13,0.3364485981308411
1x3,M0-fit hgb,p14,0.3273333333333333
1x3,M1 ridge,p00,0.8875982234369661
1x3,M1 ridge,p01,0.7138429752066116
1x3,M1 ridge,p02,0.7541152263374485
1x3,M1 ridge,p03,0.797200409696142
1x3,M1 ridge,p04,0.7975524475524476
1x3,M1 ridge,p05,0.7954703832752613
1x3,M1 ridge,p06,0.7504344803614876
1x3,M1 ridge,p07,0.6443897291593387
1x3,M1 ridge,p08,0.6750993856161909
1x3,M1 ridge,p09,0.7451268848841486
1x3,M1 ridge,p10,0.796718322698268
1x3,M1 ridge,p11,0.6821396993810787
1x3,M1 ridge,p12,0.6114928169893816
1x3,M1 ridge,p13,0.7830440587449933
1x3,M1 ridge,p14,0.8733333333333333
1x3,M1 hgb,p00,0.8684660061496413
1x3,M1 hgb,p01,0.6862947658402204
1x3,M1 hgb,p02,0.8275034293552812
1x3,M1 hgb,p03,0.8316831683168316
1x3,M1 hgb,p04,0.8045454545454546
1x3,M1 hgb,p05,0.8331010452961672
1x3,M1 hgb,p06,0.7660757733750434
1x3,M1 hgb,p07,0.7442842068237777
1x3,M1 hgb,p08,0.7303939284423563
1x3,M1 hgb,p09,0.7502758367046708
1x3,M1 hgb,p10,0.821330902461258
1x3,M1 hgb,p11,0.73342175066313
1x3,M1 hgb,p12,0.6870705808869456
1x3,M1 hgb,p13,0.7957276368491322
1x3,M1 hgb,p14,0.852
1x3,M2 ridge,p00,0.8746156474205672
1x3,M2 ridge,p01,0.8660468319559229
1x3,M2 ridge,p02,0.8299039780521262
1x3,M2 ridge,p03,0.8067599863434619
1x3,M2 ridge,p04,0.8811188811188811
1x3,M2 ridge,p05,0.802439024390244
1x3,M2 ridge,p06,0.8001390337156761
1x3,M2 ridge,p07,0.7340837143862118
1x3,M2 ridge,p08,0.6902782797253343
1x3,M2 ridge,p09,0.7749172489885987
1x3,M2 ridge,p10,0.8081130355515042
1x3,M2 ridge,p11,0.7550839964633068
1x3,M2 ridge,p12,0.6789506558401
1x3,M2 ridge,p13,0.7957276368491322
1x3,M2 ridge,p14,0.8813333333333333
1x3,M2 hgb,p00,0.9029723266142808
1x3,M2 hgb,p01,0.8402203856749312
1x3,M2 hgb,p02,0.8539094650205762
1x3,M2 hgb,p03,0.8296346876066917
1x3,M2 hgb,p04,0.8562937062937063
1x3,M2 hgb,p05,0.8717770034843205
1x3,M2 hgb,p06,0.8241223496697949
1x3,M2 hgb,p07,0.7836792120998944
1x3,M2 hgb,p08,0.7603903144199494
1x3,M2 hgb,p09,0.7852151526296433
1x3,M2 hgb,p10,0.8313582497721057
1x3,M2 hgb,p11,0.8152077807250221
1x3,M2 hgb,p12,0.7389131792629606
1x3,M2 hgb,p13,0.8391188251001335
1x3,M2 hgb,p14,0.8786666666666667
2x2,majority zone,p00,0.24803553126067646
2x2,majority zone,p01,0.25895316804407714
2x2,majority zone,p02,0.22908093278463648
2x2,majority zone,p03,0.23591669511778765
2x2,majority zone,p04,0.25874125874125875
2x2,majority zone,p05,0.26236933797909406
2x2,majority zone,p06,0.24191866527632952
2x2,majority zone,p07,0.24973619416109744
2x2,majority zone,p08,0.2403324900614384
2x2,majority zone,p09,0.2522986392055903
2x2,majority zone,p10,0.27620783956244305
2x2,majority zone,p11,0.25287356321839083
2x2,majority zone,p12,0.24422236102435976
2x2,majority zone,p13,0.24232309746328437
2x2,majority zone,p14,0.262
2x2,M0 generalised,p00,0.21728732490604716
2x2,M0 generalised,p01,0.44111570247933884
2x2,M0 generalised,p02,0.19684499314128945
2x2,M0 generalised,p03,0.16729259132809832
2x2,M0 generalised,p04,0.41853146853146855
2x2,M0 generalised,p05,0.22090592334494774
2x2,M0 generalised,p06,0.26068821689259647
2x2,M0 generalised,p07,0.22581779810059796
2x2,M0 generalised,p08,0.23165883628478495
2x2,M0 generalised,p09,0.20044133872747333
2x2,M0 generalised,p10,0.3058340929808569
2x2,M0 generalised,p11,0.21175950486295314
2x2,M0 generalised,p12,0.2292317301686446
2x2,M0 generalised,p13,0.39052069425901204
2x2,M0 generalised,p14,0.15533333333333332
2x2,M0 generalised (x flipped),p00,0.28869149299624186
2x2,M0 generalised (x flipped),p01,0.07128099173553719
2x2,M0 generalised (x flipped),p02,0.32407407407407407
2x2,M0 generalised (x flipped),p03,0.32570843291225676
2x2,M0 generalised (x flipped),p04,0.08706293706293707
2x2,M0 generalised (x flipped),p05,0.2825783972125436
2x2,M0 generalised (x flipped),p06,0.22071602363573167
2x2,M0 generalised (x flipped),p07,0.26837847344354554
2x2,M0 generalised (x flipped),p08,0.25912540657752076
2x2,M0 generalised (x flipped),p09,0.29385803604266275
2x2,M0 generalised (x flipped),p10,0.20191431175934366
2x2,M0 generalised (x flipped),p11,0.28426171529619804
2x2,M0 generalised (x flipped),p12,0.2585883822610868
2x2,M0 generalised (x flipped),p13,0.10881174899866489
2x2,M0 generalised (x flipped),p14,0.34
2x2,M0-fit ridge,p00,0.2494021182097711
2x2,M0-fit ridge,p01,0.31232782369146006
2x2,M0-fit ridge,p02,0.22908093278463648
2x2,M0-fit ridge,p03,0.1795834755889382
2x2,M0-fit ridge,p04,0.1797202797202797
2x2,M0-fit ridge,p05,0.24285714285714285
2x2,M0-fit ridge,p06,0.2721584984358707
2x2,M0-fit ridge,p07,0.2616953921913472
2x2,M0-fit ridge,p08,0.24105529454282618
2x2,M0-fit ridge,p09,0.21883045237219567
2x2,M0-fit ridge,p10,0.300820419325433
2x2,M0-fit ridge,p11,0.20291777188328913
2x2,M0-fit ridge,p12,0.231105559025609
2x2,M0-fit ridge,p13,0.36114819759679573
2x2,M0-fit ridge,p14,0.14266666666666666
2x2,M0-fit hgb,p00,0.2702425691834643
2x2,M0-fit hgb,p01,0.17079889807162535
2x2,M0-fit hgb,p02,0.23010973936899862
2x2,M0-fit hgb,p03,0.21611471491976783
2x2,M0-fit hgb,p04,0.28986013986013986
2x2,M0-fit hgb,p05,0.2634146341463415
2x2,M0-fit hgb,p06,0.251303441084463
2x2,M0-fit hgb,p07,0.2606401688357369
2x2,M0-fit hgb,p08,0.24250090350560174
2x2,M0-fit hgb,p09,0.2302317028319235
2x2,M0-fit hgb,p10,0.284412032816773
2x2,M0-fit hgb,p11,0.23563218390804597
2x2,M0-fit hgb,p12,0.22111180512179887
2x2,M0-fit hgb,p13,0.27169559412550065
2x2,M0-fit hgb,p14,0.20733333333333334
2x2,M1 ridge,p00,0.7372736590365562
2x2,M1 ridge,p01,0.7651515151515151
2x2,M1 ridge,p02,0.663923182441701
2x2,M1 ridge,p03,0.6381017412086036
2x2,M1 ridge,p04,0.7825174825174825
2x2,M1 ridge,p05,0.7693379790940766
2x2,M1 ridge,p06,0.7104622871046229
2x2,M1 ridge,p07,0.6362996834329934
2x2,M1 ridge,p08,0.577159378388146
2x2,M1 ridge,p09,0.6384700257447591
2x2,M1 ridge,p10,0.6736554238833181
2x2,M1 ridge,p11,0.5694076038903625
2x2,M1 ridge,p12,0.5552779512804498
2x2,M1 ridge,p13,0.6054739652870494
2x2,M1 ridge,p14,0.8346666666666667
2x2,M1 hgb,p00,0.7669969251793646
2x2,M1 hgb,p01,0.6663223140495868
2x2,M1 hgb,p02,0.6759259259259259
2x2,M1 hgb,p03,0.7237965175827927
2x2,M1 hgb,p04,0.7762237762237763
2x2,M1 hgb,p05,0.7651567944250871
2x2,M1 hgb,p06,0.7014250955856796
2x2,M1 hgb,p07,0.5997186071051706
2x2,M1 hgb,p08,0.567040115648717
2x2,M1 hgb,p09,0.6609047443913203
2x2,M1 hgb,p10,0.6608933454876937
2x2,M1 hgb,p11,0.6450044208664898
2x2,M1 hgb,p12,0.5109306683322923
2x2,M1 hgb,p13,0.6341789052069426
2x2,M1 hgb,p14,0.8166666666666667
2x2,M2 ridge,p00,0.7106252135292108
2x2,M2 ridge,p01,0.8119834710743802
2x2,M2 ridge,p02,0.6971879286694102
2x2,M2 ridge,p03,0.5933765790372141
2x2,M2 ridge,p04,0.806993006993007
2x2,M2 ridge,p05,0.767595818815331
2x2,M2 ridge,p06,0.7511296489398679
2x2,M2 ridge,p07,0.5339430179387971
2x2,M2 ridge,p08,0.5746295627032888
2x2,M2 ridge,p09,0.6998896653181317
2x2,M2 ridge,p10,0.6545123062898814
2x2,M2 ridge,p11,0.6887709991158267
2x2,M2 ridge,p12,0.5827607745159276
2x2,M2 ridge,p13,0.6181575433911882
2x2,M2 ridge,p14,0.8193333333333334
2x2,M2 hgb,p00,0.7591390502220704
2x2,M2 hgb,p01,0.7486225895316805
2x2,M2 hgb,p02,0.6680384087791496
2x2,M2 hgb,p03,0.6831683168316832
2x2,M2 hgb,p04,0.8125874125874126
2x2,M2 hgb,p05,0.7818815331010452
2x2,M2 hgb,p06,0.7236704900938478
2x2,M2 hgb,p07,0.5596201195919803
2x2,M2 hgb,p08,0.5796891940730032
2x2,M2 hgb,p09,0.6719382125781538
2x2,M2 hgb,p10,0.6431175934366454
2x2,M2 hgb,p11,0.6976127320954907
2x2,M2 hgb,p12,0.5490318550905684
2x2,M2 hgb,p13,0.6288384512683578
2x2,M2 hgb,p14,0.8366666666666667
3x3,majority zone,p00,0.11035189613939186
3x3,majority zone,p01,0.1050275482093664
3x3,majority zone,p02,0.10596707818930041
3x3,majority zone,p03,0.11676340047797883
3x3,majority zone,p04,0.10979020979020979
3x3,majority zone,p05,0.10557491289198606
3x3,majority zone,p06,0.11887382690302398
3x3,majority zone,p07,0.10270840661273303
3x3,majority zone,p08,0.10950487893024936
3x3,majority zone,p09,0.12210371460095623
3x3,majority zone,p10,0.10847766636280766
3x3,majority zone,p11,0.11361626878868258
3x3,majority zone,p12,0.11055590256089944
3x3,majority zone,p13,0.1288384512683578
3x3,majority zone,p14,0.10266666666666667
3x3,M0 original,p00,0.119234711308507
3x3,M0 original,p01,0.10950413223140495
3x3,M0 original,p02,0.10871056241426612
3x3,M0 original,p03,0.11642198702628884
3x3,M0 original,p04,0.12027972027972028
3x3,M0 original,p05,0.10383275261324042
3x3,M0 original,p06,0.11226972540841154
3x3,M0 original,p07,0.10270840661273303
3x3,M0 original,p08,0.12143115287314782
3x3,M0 original,p09,0.11621919823464509
3x3,M0 original,p10,0.11577028258887875
3x3,M0 original,p11,0.10875331564986737
3x3,M0 original,p12,0.1080574640849469
3x3,M0 original,p13,0.11481975967957277
3x3,M0 original,p14,0.112
3x3,M0 original (x flipped),p00,0.119234711308507
3x3,M0 original (x flipped),p01,0.10950413223140495
3x3,M0 original (x flipped),p02,0.10871056241426612
3x3,M0 original (x flipped),p03,0.11642198702628884
3x3,M0 original (x flipped),p04,0.12027972027972028
3x3,M0 original (x flipped),p05,0.10383275261324042
3x3,M0 original (x flipped),p06,0.11226972540841154
3x3,M0 original (x flipped),p07,0.10270840661273303
3x3,M0 original (x flipped),p08,0.12143115287314782
3x3,M0 original (x flipped),p09,0.11621919823464509
3x3,M0 original (x flipped),p10,0.11577028258887875
3x3,M0 original (x flipped),p11,0.10875331564986737
3x3,M0 original (x flipped),p12,0.1080574640849469
3x3,M0 original (x flipped),p13,0.11481975967957277
3x3,M0 original (x flipped),p14,0.112
3x3,M0-fit ridge,p00,0.119234711308507
3x3,M0-fit ridge,p01,0.10984848484848485
3x3,M0-fit ridge,p02,0.10733882030178327
3x3,M0-fit ridge,p03,0.11334926596107886
3x3,M0-fit ridge,p04,0.11993006993006992
3x3,M0-fit ridge,p05,0.10383275261324042
3x3,M0-fit ridge,p06,0.11087938825165103
3x3,M0-fit ridge,p07,0.10270840661273303
3x3,M0-fit ridge,p08,0.11131189013371882
3x3,M0-fit ridge,p09,0.11585141596175064
3x3,M0-fit ridge,p10,0.11440291704649043
3x3,M0-fit ridge,p11,0.11140583554376658
3x3,M0-fit ridge,p12,0.10430980637101811
3x3,M0-fit ridge,p13,0.11415220293724966
3x3,M0-fit ridge,p14,0.10466666666666667
3x3,M0-fit hgb,p00,0.11957635804578066
3x3,M0-fit hgb,p01,0.11019283746556474
3x3,M0-fit hgb,p02,0.10596707818930041
3x3,M0-fit hgb,p03,0.11095937179924889
3x3,M0-fit hgb,p04,0.12062937062937062
3x3,M0-fit hgb,p05,0.1034843205574913
3x3,M0-fit hgb,p06,0.11157455683003129
3x3,M0-fit hgb,p07,0.10341188884980654
3x3,M0-fit hgb,p08,0.10444524756053487
3x3,M0-fit hgb,p09,0.1147480691430673
3x3,M0-fit hgb,p10,0.11850501367365543
3x3,M0-fit hgb,p11,0.11140583554376658
3x3,M0-fit hgb,p12,0.1061836352279825
3x3,M0-fit hgb,p13,0.11882510013351134
3x3,M0-fit hgb,p14,0.104
3x3,M1 ridge,p00,0.553126067646054
3x3,M1 ridge,p01,0.4414600550964187
3x3,M1 ridge,p02,0.3734567901234568
3x3,M1 ridge,p03,0.4219870262888358
3x3,M1 ridge,p04,0.5451048951048951
3x3,M1 ridge,p05,0.4658536585365854
3x3,M1 ridge,p06,0.44004171011470283
3x3,M1 ridge,p07,0.3077734787196623
3x3,M1 ridge,p08,0.31080592699674736
3x3,M1 ridge,p09,0.3861713865391688
3x3,M1 ridge,p10,0.39881494986326343
3x3,M1 ridge,p11,0.3333333333333333
3x3,M1 ridge,p12,0.28669581511555275
3x3,M1 ridge,p13,0.3538050734312417
3x3,M1 ridge,p14,0.5613333333333334
3x3,M1 hgb,p00,0.5565425350187906
3x3,M1 hgb,p01,0.38670798898071623
3x3,M1 hgb,p02,0.42935528120713307
3x3,M1 hgb,p03,0.5216797541823148
3x3,M1 hgb,p04,0.579020979020979
3x3,M1 hgb,p05,0.5303135888501742
3x3,M1 hgb,p06,0.49774070212026417
3x3,M1 hgb,p07,0.36897643334505803
3x3,M1 hgb,p08,0.3324900614383809
3x3,M1 hgb,p09,0.3990437660904744
3x3,M1 hgb,p10,0.43299908842297175
3x3,M1 hgb,p11,0.376657824933687
3x3,M1 hgb,p12,0.3185509056839475
3x3,M1 hgb,p13,0.3878504672897196
3x3,M1 hgb,p14,0.5913333333333334
3x3,M2 ridge,p00,0.5199863341305091
3x3,M2 ridge,p01,0.5506198347107438
3x3,M2 ridge,p02,0.44650205761316875
3x3,M2 ridge,p03,0.3741891430522363
3x3,M2 ridge,p04,0.6206293706293706
3x3,M2 ridge,p05,0.49337979094076656
3x3,M2 ridge,p06,0.4942648592283629
3x3,M2 ridge,p07,0.3390784382694337
3x3,M2 ridge,p08,0.3299602457535237
3x3,M2 ridge,p09,0.43067304155939684
3x3,M2 ridge,p10,0.41112123974475845
3x3,M2 ridge,p11,0.39920424403183025
3x3,M2 ridge,p12,0.34415990006246094
3x3,M2 ridge,p13,0.3671562082777036
3x3,M2 ridge,p14,0.5953333333333334
3x3,M2 hgb,p00,0.5623505295524428
3x3,M2 hgb,p01,0.46831955922865015
3x3,M2 hgb,p02,0.43175582990397804
3x3,M2 hgb,p03,0.4598839194264254
3x3,M2 hgb,p04,0.6307692307692307
3x3,M2 hgb,p05,0.5644599303135889
3x3,M2 hgb,p06,0.505387556482447
3x3,M2 hgb,p07,0.35842419978895534
3x3,M2 hgb,p08,0.36067943621250453
3x3,M2 hgb,p09,0.42294961382861346
3x3,M2 hgb,p10,0.43345487693710116
3x3,M2 hgb,p11,0.45711759504862953
3x3,M2 hgb,p12,0.35540287320424735
3x3,M2 hgb,p13,0.3818424566088118
3x3,M2 hgb,p14,0.618
4x4,majority zone,p00,0.05978817902289033
4x4,majority zone,p01,0.07162534435261708
4x4,majority zone,p02,0.0720164609053498
4x4,majority zone,p03,0.06657562307954934
4x4,majority zone,p04,0.06083916083916084
4x4,majority zone,p05,0.07630662020905923
4x4,majority zone,p06,0.061522419186652764
4x4,majority zone,p07,0.06577558916637355
4x4,majority zone,p08,0.059992771955186125
4x4,majority zone,p09,0.06215520411916146
4x4,majority zone,p10,0.07338195077484047
4x4,majority zone,p11,0.06321839080459771
4x4,majority zone,p12,0.06183635227982511
4x4,majority zone,p13,0.0540720961281709
4x4,majority zone,p14,0.06933333333333333
4x4,M0 generalised,p00,0.061838059446532284
4x4,M0 generalised,p01,0.09641873278236915
4x4,M0 generalised,p02,0.05555555555555555
4x4,M0 generalised,p03,0.053943325367019464
4x4,M0 generalised,p04,0.09475524475524476
4x4,M0 generalised,p05,0.05749128919860627
4x4,M0 generalised,p06,0.06534584636774418
4x4,M0 generalised,p07,0.056278578965881114
4x4,M0 generalised,p08,0.06360679436212505
4x4,M0 generalised,p09,0.05737403457153365
4x4,M0 generalised,p10,0.06153144940747493
4x4,M0 generalised,p11,0.0623342175066313
4x4,M0 generalised,p12,0.05371642723297939
4x4,M0 generalised,p13,0.08344459279038718
4x4,M0 generalised,p14,0.04133333333333333
4x4,M0 generalised (x flipped),p00,0.07482063546293133
4x4,M0 generalised (x flipped),p01,0.027203856749311296
4x4,M0 generalised (x flipped),p02,0.06858710562414266
4x4,M0 generalised (x flipped),p03,0.07408671901672925
4x4,M0 generalised (x flipped),p04,0.032867132867132866
4x4,M0 generalised (x flipped),p05,0.059581881533101046
4x4,M0 generalised (x flipped),p06,0.05526590198123045
4x4,M0 generalised (x flipped),p07,0.057333802321491385
4x4,M0 generalised (x flipped),p08,0.06216118539934948
4x4,M0 generalised (x flipped),p09,0.06693637366678926
4x4,M0 generalised (x flipped),p10,0.05742935278030994
4x4,M0 generalised (x flipped),p11,0.07029177718832891
4x4,M0 generalised (x flipped),p12,0.05933791380387258
4x4,M0 generalised (x flipped),p13,0.038050734312416554
4x4,M0 generalised (x flipped),p14,0.068
4x4,M0-fit ridge,p00,0.06901264092927913
4x4,M0-fit ridge,p01,0.0678374655647383
4x4,M0-fit ridge,p02,0.059670781893004114
4x4,M0-fit ridge,p03,0.05530897917377945
4x4,M0-fit ridge,p04,0.05804195804195804
4x4,M0-fit ridge,p05,0.062369337979094074
4x4,M0-fit ridge,p06,0.06499826207855405
4x4,M0-fit ridge,p07,0.05346465001758706
4x4,M0-fit ridge,p08,0.06288398988073726
4x4,M0-fit ridge,p09,0.06656859139389482
4x4,M0-fit ridge,p10,0.06517775752051048
4x4,M0-fit ridge,p11,0.05791335101679929
4x4,M0-fit ridge,p12,0.05371642723297939
4x4,M0-fit ridge,p13,0.0801068090787717
4x4,M0-fit ridge,p14,0.04133333333333333
4x4,M0-fit hgb,p00,0.0717458148274684
4x4,M0-fit hgb,p01,0.04132231404958678
4x4,M0-fit hgb,p02,0.06275720164609054
4x4,M0-fit hgb,p03,0.05599180607715944
4x4,M0-fit hgb,p04,0.06888111888111888
4x4,M0-fit hgb,p05,0.06202090592334495
4x4,M0-fit hgb,p06,0.06465067778936393
4x4,M0-fit hgb,p07,0.054519873373197324
4x4,M0-fit hgb,p08,0.07119624141669678
4x4,M0-fit hgb,p09,0.07061419639573373
4x4,M0-fit hgb,p10,0.06244302643573382
4x4,M0-fit hgb,p11,0.0627763041556145
4x4,M0-fit hgb,p12,0.04996876951905059
4x4,M0-fit hgb,p13,0.0534045393858478
4x4,M0-fit hgb,p14,0.04733333333333333
4x4,M1 ridge,p00,0.39152716091561324
4x4,M1 ridge,p01,0.2834022038567493
4x4,M1 ridge,p02,0.24588477366255143
4x4,M1 ridge,p03,0.295322635711847
4x4,M1 ridge,p04,0.3667832167832168
4x4,M1 ridge,p05,0.286411149825784
4x4,M1 ridge,p06,0.28362877997914493
4x4,M1 ridge,p07,0.18642279282448118
4x4,M1 ridge,p08,0.2161185399349476
4x4,M1 ridge,p09,0.2603898492092681
4x4,M1 ridge,p10,0.2438468550592525
4x4,M1 ridge,p11,0.22148541114058357
4x4,M1 ridge,p12,0.21361648969394129
4x4,M1 ridge,p13,0.25500667556742324
4x4,M1 ridge,p14,0.4106666666666667
4x4,M1 hgb,p00,0.4185172531602323
4x4,M1 hgb,p01,0.24517906336088155
4x4,M1 hgb,p02,0.29046639231824417
4x4,M1 hgb,p03,0.3916012290884261
4x4,M1 hgb,p04,0.4486013986013986
4x4,M1 hgb,p05,0.37456445993031356
4x4,M1 hgb,p06,0.3315954118873827
4x4,M1 hgb,p07,0.23179739711572284
4x4,M1 hgb,p08,0.21828695337911094
4x4,M1 hgb,p09,0.26443545421110703
4x4,M1 hgb,p10,0.29535095715587967
4x4,M1 hgb,p11,0.2396109637488948
4x4,M1 hgb,p12,0.2192379762648345
4x4,M1 hgb,p13,0.2703604806408545
4x4,M1 hgb,p14,0.43666666666666665
4x4,M2 ridge,p00,0.39152716091561324
4x4,M2 ridge,p01,0.3808539944903581
4x4,M2 ridge,p02,0.30829903978052126
4x4,M2 ridge,p03,0.2413793103448276
4x4,M2 ridge,p04,0.46678321678321677
4x4,M2 ridge,p05,0.31498257839721255
4x4,M2 ridge,p06,0.3413277719847063
4x4,M2 ridge,p07,0.20189940204009849
4x4,M2 ridge,p08,0.22804481387784603
4x4,M2 ridge,p09,0.2982714233173961
4x4,M2 ridge,p10,0.2652689152233364
4x4,M2 ridge,p11,0.27320954907161804
4x4,M2 ridge,p12,0.24234853216739538
4x4,M2 ridge,p13,0.2656875834445928
4x4,M2 ridge,p14,0.4673333333333333
4x4,M2 hgb,p00,0.42056713358387426
4x4,M2 hgb,p01,0.31232782369146006
4x4,M2 hgb,p02,0.3041838134430727
4x4,M2 hgb,p03,0.3280983270740867
4x4,M2 hgb,p04,0.509090909090909
4x4,M2 hgb,p05,0.4121951219512195
4x4,M2 hgb,p06,0.3548835592631213
4x4,M2 hgb,p07,0.24234963067182555
4x4,M2 hgb,p08,0.25153595952294905
4x4,M2 hgb,p09,0.28834130194924606
4x4,M2 hgb,p10,0.3030993618960802
4x4,M2 hgb,p11,0.3081343943412909
4x4,M2 hgb,p12,0.24547158026233604
4x4,M2 hgb,p13,0.27703604806408544
4x4,M2 hgb,p14,0.5146666666666667
