grid,method,acc_mean_subj,ci_lo,ci_hi,acc_pooled,acc_detected_only,balanced_acc,acc_min_subj,acc_max_subj
1x2,chance (1/K),0.5,,,0.5,0.5,0.5,,
1x2,majority zone,0.5015497156920244,0.49469618556915906,0.509421341416652,0.5015530836010301,0.5025136321319325,0.4993128237657258,0.47845096814490945,0.5313333333333333
1x2,M0 generalised,0.5174562485280619,0.44724640918559666,0.6193801448342758,0.5168449836727108,0.5178348184599015,0.5166071485330682,0.32666666666666666,0.8588154269972452
1x2,M0 generalised (x flipped),0.479776671893722,0.38188098789645064,0.5500002149036123,0.48124352881832905,0.4821651815400984,0.48147894314027934,0.14118457300275483,0.6733333333333333
1x2,M0-fit ridge,0.48081668844024017,0.42424457052755116,0.5614053863828191,0.4764648100459288,0.47737731081260804,0.47677469534816674,0.2826666666666667,0.7897196261682243
1x2,M0-fit hgb,0.4786145897900711,0.44162197744486537,0.5081121468546453,0.47834974911726447,0.4792658598217848,0.4787800995508287,0.32231404958677684,0.5788514129443938
1x2,M1 ridge,0.8946570065281261,0.869149639882144,0.9115272304269618,0.895664640135928,0.89737997074079,0.8957240041067335,0.7888819487820112,0.9426666666666667
1x2,M1 hgb,0.8960895158360208,0.8785690390811374,0.9104906747570334,0.8977088698330103,0.8994281154408831,0.8977181267407314,0.8226108682073704,0.9494362828834985
1x2,M2 ridge,0.9106965314460264,0.8913936725861131,0.9226702463454036,0.9122839620888311,0.9140311211597287,0.9123217431095215,0.835103060587133,0.9493801652892562
1x2,M2 hgb,0.9160017937557509,0.8998702470282749,0.9268834608764772,0.916983035548358,0.9187391940417609,0.9169900598878048,0.8519675202998126,0.9528527502562351
2x1,chance (1/K),0.5,,,0.5,0.5,0.5,,
2x1,majority zone,0.4947788300326205,0.4904280393618474,0.49897606998268185,0.49457084450580086,0.4955180210134326,0.4941774034786442,0.4790809327846365,0.5077484047402006
2x1,M0 generalised,0.4992209315566525,0.4945503801892196,0.5046996322033025,0.49972124140494334,0.5006782816863945,0.49915141872182445,0.48140424052832814,0.5209190672153635
2x1,M0 generalised (x flipped),0.4992209315566525,0.49460508542272147,0.5045442533833159,0.49972124140494334,0.5006782816863945,0.49915141872182445,0.48140424052832814,0.5209190672153635
2x1,M0-fit ridge,0.5066557800881273,0.4892125047351081,0.5192495698741791,0.5089866461358749,0.5099614310413619,0.5089950075029548,0.43491735537190085,0.5452681926887598
2x1,M0-fit hgb,0.5037570099461175,0.49729937910196254,0.508207594124052,0.5041548304882257,0.5051203617502328,0.5041522749377179,0.47657713928794504,0.516
2x1,M1 ridge,0.7543882029130147,0.7194998347094523,0.7929463584147243,0.758515411368041,0.7599680808618168,0.7585024282192518,0.6522029372496663,0.8826666666666667
2x1,M1 hgb,0.7533305033009493,0.7144198644407478,0.7894228183591011,0.7571879894868186,0.7586381167708471,0.7571997353483755,0.5952529668956902,0.8806666666666667
2x1,M2 ridge,0.7512913582329953,0.7107036106646893,0.7930888265300751,0.7534446597817719,0.754887618034313,0.7534357008929173,0.6074569117129792,0.8786666666666667
2x1,M2 hgb,0.7499935491501357,0.7106816824715628,0.7909200652084901,0.7532853691560252,0.7547280223433968,0.7532919273868026,0.6202373516552155,0.88
1x3,chance (1/K),0.3333333333333333,,,0.3333333333333333,0.3333333333333333,0.3333333333333333,,
1x3,majority zone,0.32871329435481117,0.323692064925853,0.33360475425180885,0.32991743435898796,0.33054927516957044,0.3289312101081224,0.3122151321786691,0.34277910549675655
1x3,M0 generalised,0.33241179145982225,0.3283176986941144,0.3357915372040081,0.332837762497677,0.3334751961697034,0.3328289264096846,0.316918747801618,0.343205574912892
1x3,M0 generalised (x flipped),0.33241179145982225,0.3282582089030899,0.33575162853043505,0.332837762497677,0.3334751961697034,0.3328289264096846,0.316918747801618,0.343205574912892
1x3,M0-fit ridge,0.3320985761845542,0.32826493844869026,0.33530581755696837,0.33249263280855923,0.33312940550605136,0.3324838058829776,0.316918747801618,0.343205574912892
1x3,M0-fit hgb,0.3326949248075503,0.32875282882802964,0.3368284629152732,0.3326519234343059,0.3332890011969677,0.3326503238729032,0.3176222300386915,0.3482224247948952
1x3,M1 ridge,0.7538372251115398,0.715408725417569,0.7929128188542158,0.7541614675976319,0.7556057986434366,0.7541127568493305,0.6114928169893816,0.8875982234369661
1x3,M1 hgb,0.7821449657139941,0.7521521957879361,0.8096689491731931,0.7828603286696578,0.7843596222901982,0.7828859835886771,0.6862947658402204,0.8684660061496413
1x3,M2 ridge,0.79863408560896,0.7642588756903217,0.8268304844441443,0.8009398146919053,0.8024737332092033,0.8009417059893246,0.6789506558401,0.8813333333333333
1x3,M2 hgb,0.8274319536693784,0.8032125381960347,0.8480735174836532,0.828789125759949,0.8303763798377444,0.8288042883959235,0.7389131792629606,0.9029723266142808
2x2,chance (1/K),0.25,,,0.25,0.25,0.25,,
2x2,majority zone,0.2503339849266976,0.24492454649087278,0.25645744411310456,0.2498738949212839,0.25035244048410693,0.24710161548643636,0.22908093278463648,0.27620783956244305
2x2,M0 generalised,0.2582175699560961,0.22226001418296068,0.31118529092643654,0.2581835558977354,0.2586780156935763,0.25761427860094693,0.15533333333333332,0.44111570247933884
2x2,M0 generalised (x flipped),0.2410033616005563,0.19005984350325497,0.2768712304560417,0.2415376855072079,0.24200026599281818,0.2415335795807792,0.07128099173553719,0.34
2x2,M0-fit ridge,0.24169133499281742,0.2158361976841829,0.27043406072212595,0.24092707144184564,0.2413884825109722,0.240972102520766,0.14266666666666666,0.36114819759679573
2x2,M0-fit hgb,0.24302679074090097,0.22574711655159582,0.25713150050129485,0.24334297926567022,0.24380901715653677,0.24348308460814194,0.17079889807162535,0.28986013986013986
2x2,M1 ridge,0.677145236341887,0.6373622548786485,0.7209968632633681,0.6804630047521704,0.6817661923128076,0.6804339984161138,0.5552779512804498,0.8346666666666667
2x2,M1 hgb,0.6780789881785004,0.6355224903479038,0.7173073332862778,0.6817107813205193,0.6830163585583189,0.6816782004614576,0.5109306683322923,0.8166666666666667
2x2,M2 ridge,0.6873925913109864,0.6413629423091965,0.7333653765482737,0.6895691188573553,0.6908897459768586,0.6895199155513059,0.5339430179387971,0.8193333333333334
2x2,M2 hgb,0.6895748417298504,0.6460403814337264,0.734026422001214,0.6924363501207954,0.6937624684133529,0.6924279768213082,0.5490318550905684,0.8366666666666667
3x3,chance (1/K),0.1111111111111111,,,0.1111111111111111,0.1111111111111111,0.1111111111111111,,
3x3,majority zone,0.11138805522617402,0.10826973853070351,0.11572630808283649,0.11107866302068123,0.11129139513233142,0.10890881107529497,0.10266666666666667,0.1288384512683578
3x3,M0 original,0.11266754473370873,0.10981226202231303,0.11538653887824345,0.11275121459102132,0.11296714988695306,0.11243800809552856,0.10270840661273303,0.12143115287314782
3x3,M0 original (x flipped),0.11266754473370873,0.1098306493541439,0.11532706867438985,0.11275121459102132,0.11296714988695306,0.11243800809552856,0.10270840661273303,0.12143115287314782
3x3,M0-fit ridge,0.11088150896588063,0.10831780582531518,0.11358323344049052,0.11113175989593012,0.1113445936959702,0.1107934995500503,0.10270840661273303,0.11993006993006992
3x3,M0-fit hgb,0.11092724557660752,0.10797392290141368,0.11412318080049721,0.11091937239493456,0.11113179944141509,0.11058604602781384,0.10341188884980654,0.12062937062937062
3x3,M1 ridge,0.4119842333495501,0.37081815696401127,0.4593356536822774,0.41503172538296124,0.4158265726825376,0.41516480092051156,0.28669581511555275,0.5613333333333334
3x3,M1 hgb,0.44728418066119624,0.4055698244558713,0.49435736265689384,0.4506862771125919,0.4515494081659795,0.4507810231433573,0.3185509056839475,0.5913333333333334
3x3,M2 ridge,0.4477505360891733,0.4066687191550878,0.49822342010589105,0.45076592242546526,0.4516292060114377,0.45084125776676726,0.3299602457535237,0.6206293706293706
3x3,M2 hgb,0.46738650715370844,0.42717590671351,0.5182882830182876,0.47017283032893514,0.47107328102141244,0.4703063951301945,0.35540287320424735,0.6307692307692307
4x4,chance (1/K),0.0625,,,0.0625,0.0625,0.0625,,
4x4,majority zone,0.06522929974378452,0.06233324059325526,0.06833513166476664,0.06552154405713224,0.06564702753025668,0.062424119789558884,0.0540720961281709,0.07630662020905923
4x4,M0 generalised,0.0643311654428945,0.05816529999212921,0.07374658514976304,0.06493747842939443,0.06506184333023009,0.06558230171784706,0.04133333333333333,0.09641873278236915
4x4,M0 generalised (x flipped),0.058130291513809135,0.04907839853770479,0.06406892730045775,0.05827382058565853,0.058385423593562975,0.05904164457007292,0.027203856749311296,0.07482063546293133
4x4,M0-fit ridge,0.06122695567566803,0.0567340217403586,0.06546186223929093,0.06148618153821648,0.06160393669370927,0.06255185216785272,0.04133333333333333,0.0801068090787717
4x4,M0-fit hgb,0.059975074880622724,0.05502450407108276,0.06410219854100402,0.060849019035229775,0.06096555393004389,0.06197227675430034,0.04132231404958678,0.0717458148274684
4x4,M1 ridge,0.27736754672209807,0.2501323465281096,0.31590787469042175,0.2774311731754586,0.27796249501263465,0.2779389677693291,0.18642279282448118,0.4106666666666667
4x4,M1 hgb,0.31175147050199664,0.2751750251708903,0.35666009560724055,0.31396182334669603,0.3145631067961165,0.3140745504922457,0.21828695337911094,0.4486013986013986
4x4,M2 ridge,0.31248110834480486,0.27635257951829034,0.3583911159515567,0.31279369209122043,0.3133927383960633,0.31307212168012577,0.20189940204009849,0.4673333333333333
4x4,M2 hgb,0.33813210876481486,0.30170102544243016,0.39060685612447665,0.3386784187750551,0.3393270381699694,0.3387930242757061,0.24234963067182555,0.5146666666666667
