a,b,metric,a_minus_b,ci_lo,ci_hi,n_scenes
qwen_vl,clip,human_precision@3,0.1867,0.0733,0.2933,50
qwen_vl,clip,useful@3,0.1,-0.02,0.22,50
qwen_vl,clip,human_hit@3,-0.02,-0.1,0.04,50
qwen_vl,clip,useful_hit@3,0.1,-0.06,0.26,50
qwen_vl,clip,human_precision@6,0.2033,0.1333,0.27,50
qwen_vl,clip,useful@6,0.11,0.04,0.1833,50
qwen_vl,static,human_precision@3,0.5267,0.4267,0.62,50
qwen_vl,static,useful@3,0.2533,0.16,0.3467,50
qwen_vl,static,human_hit@3,0.36,0.22,0.5,50
qwen_vl,static,useful_hit@3,0.26,0.1,0.4,50
qwen_vl,static,human_precision@6,0.48,0.4133,0.5467,50
qwen_vl,static,useful@6,0.2667,0.1933,0.3401,50
clip,static,human_precision@3,0.34,0.2533,0.4267,50
clip,static,useful@3,0.1533,0.0667,0.2467,50
clip,static,human_hit@3,0.38,0.24,0.52,50
clip,static,useful_hit@3,0.16,0.0,0.32,50
clip,static,human_precision@6,0.2767,0.2167,0.3367,50
clip,static,useful@6,0.1567,0.1033,0.2133,50
qwen_vl,blip2_qa,human_precision@3,0.1,-0.0067,0.1933,50
qwen_vl,blip2_qa,useful@3,0.1067,0.0133,0.2002,50
qwen_vl,blip2_qa,human_hit@3,0.0,-0.06,0.06,50
qwen_vl,blip2_qa,useful_hit@3,0.06,-0.0605,0.2,50
qwen_vl,blip2_qa,human_precision@6,0.2967,0.2333,0.36,50
qwen_vl,blip2_qa,useful@6,0.2033,0.1367,0.2767,50
clip,blip2_qa,human_precision@3,-0.0867,-0.1733,0.0067,50
clip,blip2_qa,useful@3,0.0067,-0.0667,0.0733,50
clip,blip2_qa,human_hit@3,0.02,-0.04,0.1,50
clip,blip2_qa,useful_hit@3,-0.04,-0.18,0.1,50
clip,blip2_qa,human_precision@6,0.0933,0.0367,0.15,50
clip,blip2_qa,useful@6,0.0933,0.05,0.1333,50
blip2_qa,static,human_precision@3,0.4267,0.3333,0.5133,50
blip2_qa,static,useful@3,0.1467,0.0667,0.2267,50
blip2_qa,static,human_hit@3,0.36,0.22,0.52,50
blip2_qa,static,useful_hit@3,0.2,0.04,0.36,50
blip2_qa,static,human_precision@6,0.1833,0.1233,0.2367,50
blip2_qa,static,useful@6,0.0633,0.02,0.11,50
qwen_vl,blip2_orig,human_precision@3,0.68,0.58,0.7733,50
qwen_vl,blip2_orig,useful@3,0.38,0.28,0.4733,50
qwen_vl,blip2_orig,human_hit@3,0.66,0.52,0.8,50
qwen_vl,blip2_orig,useful_hit@3,0.62,0.48,0.76,50
qwen_vl,blip2_orig,human_precision@6,0.63,0.5666,0.6933,50
qwen_vl,blip2_orig,useful@6,0.35,0.2733,0.4267,50
