R00,R01,R02,R10,R11,R12,R20,R21,R22,R_scale,bs_eyeBlinkLeft,bs_eyeBlinkRight,bs_eyeLookDownLeft,bs_eyeLookDownRight,bs_eyeLookInLeft,bs_eyeLookInRight,bs_eyeLookOutLeft,bs_eyeLookOutRight,bs_eyeLookUpLeft,bs_eyeLookUpRight,bs_eyeSquintLeft,bs_eyeSquintRight,detected,interocular_norm,is_laptop,leye_h,leye_open,leye_v,leye_vlid,leye_width_px,m0_cx,m0_cy,m0_px,m0_py,mp_lin_x,mp_lin_y,mp_lout_x,mp_lout_y,mp_rin_x,mp_rin_y,mp_rout_x,mp_rout_y,n_landmarks,nose_x,nose_y,pass,pitch,px_raw,py_raw,reye_h,reye_open,reye_v,reye_vlid,reye_width_px,roll,target_x,tx,ty,tz,yaw
0.9599401354789734,-0.1882268190383911,-0.20757071673870087,0.20465153455734253,0.9769619703292847,0.06052273511886597,0.19139669835567474,-0.10057786107063293,0.9763458967208862,1.0,0.02087981067597866,0.0008269262034446001,0.9944433569908142,0.9642494916915894,0.476400226354599,0.8956391215324402,0.020799342542886734,0.0012170654954388738,0.00024380751710850745,0.0010648160241544247,0.3705874979496002,0.04006185755133629,1,0.07750142608522684,1,0.6714974458059438,0.29269126577446253,2.1113889483359607,2.0,31.038442186683454,0.5501315474510193,0.5537887215614319,0.5648224234580994,0.6258560419082642,360.3276062011719,235.0136661529541,390.4512023925781,227.5334358215332,309.38913345336914,249.21283721923828,280.7273864746094,253.41118812561035,478,0.5146908760070801,0.5720673203468323,0,-5.881553649902344,0.9872782479954958,0.7897056361911624,1.6706494321703178,0.20826908071380693,2.026569932576464,2.0,28.967600699150335,12.03482723236084,0.08,2.4864275455474854,-3.0596728324890137,-40.780853271484375,-11.03430461883545
0.9770177006721497,-0.07703148573637009,-0.1987524777650833,0.10206250846385956,0.987643301486969,0.1189279779791832,0.18713536858558655,-0.13647989928722382,0.9728070497512817,1.0000005960464478,0.005171108525246382,0.07134092599153519,0.9764882922172546,0.9822131991386414,0.0008955691591836512,0.5568286180496216,0.7042053937911987,0.011185222305357456,0.00032603583531454206,8.111247007036582e-05,0.6464700698852539,0.7813417315483093,1,0.12391477564682127,1,0.398356073427131,0.262608564541585,0.20848277216723088,1.6184575290481706,32.69181834789512,0.5171465754508973,0.44059928059577946,0.5360419034957886,0.5213856279850007,361.7072296142578,241.21685028076172,393.69667053222656,234.47662353515625,316.2151527404785,249.91230010986328,286.29528045654297,252.85669326782227,478,0.5188953280448914,0.5807863473892212,0,-7.986182689666748,0.9083498117612332,0.5347146177687196,0.5766999178075152,0.1849505774987053,0.1805985370974774,2.0,30.064401018742732,5.963676452636719,0.08,2.433051347732544,-3.404794216156006,-40.022708892822266,-10.785653114318848
0.9350950121879578,-0.1079934611916542,-0.33754226565361023,0.1816253662109375,0.963886022567749,0.19477146863937378,0.30431821942329407,-0.2434360831975937,0.9209393262863159,0.9999999403953552,0.1447039544582367,0.4717385470867157,0.4296315312385559,0.6368484497070312,0.004575125407427549,0.1655212789773941,0.4225442409515381,0.04908628389239311,0.02632991224527359,0.0035693454556167126,0.2829331159591675,0.1930629163980484,1,0.11539326789758589,1,0.45038700520295877,0.24623988817121026,-0.06527107063322694,0.44491968794289655,30.905867267829652,0.5178352534770966,0.43098016977310183,0.5007187962532044,0.49286689758300783,340.5513000488281,234.22722816467285,370.1850128173828,225.4513692855835,298.2512855529785,245.2979278564453,273.48636627197266,249.03522491455078,478,0.4828835427761078,0.561886727809906,0,-14.806593894958496,0.8918044611841732,0.4091094102399889,0.4617944093597525,0.23471625756275394,-0.07268248863132534,0.39919084439302105,25.045331228501457,10.99181079864502,0.08,1.3965054750442505,-3.0566322803497314,-39.78306579589844,-17.71714973449707
0.9168826341629028,-0.1498120278120041,-0.36997634172439575,0.14751169085502625,0.9884520769119263,-0.03468087315559387,0.3708994686603546,-0.022777581587433815,0.9283936619758606,1.0000004768371582,0.16303816437721252,0.21046487987041473,0.35327965021133423,0.30958327651023865,0.02546108141541481,0.10704092681407928,0.17729562520980835,0.06104269623756409,0.016047673299908638,0.020260943099856377,0.1690022200345993,0.3518240451812744,1,0.10286851659495026,1,0.5077919903108554,0.26934812219299914,-0.05541801672596871,0.5002298345361859,30.218244301348662,0.516250604391098,0.42309228181838987,0.5032370030879975,0.5030996561050415,340.56251525878906,242.13529586791992,369.9679946899414,235.17396926879883,304.17789459228516,248.08058738708496,279.678897857666,249.5939540863037,478,0.4869863986968994,0.5800073742866516,0,-1.405435562133789,1.0025742437064666,0.3954822624105358,0.4046223431476376,0.272517491369889,-0.12954202667526202,0.33596211203840526,24.54569452711157,9.13965129852295,0.08,1.9081069231033325,-2.635298490524292,-42.608924865722656,-21.771099090576172
0.9133911728858948,-0.14788062870502472,-0.37927284836769104,0.17203083634376526,0.9846227765083313,0.03038662299513817,0.3689471185207367,-0.09300149977207184,0.9247857928276062,0.9999995231628418,0.43086856603622437,0.15613140165805817,0.5037747025489807,0.07331841439008713,0.007143018767237663,0.20310963690280914,0.3806041181087494,0.02339314855635166,0.009511617012321949,0.1261836290359497,0.10009106993675232,0.5172156691551208,1,0.10233747851874671,1,0.500995528764948,0.21298142857143826,-0.0533661307363354,0.3961559908670326,30.408451412000936,0.5187816828489303,0.42632647752761843,0.5032361358404159,0.5245265603065491,340.16651153564453,253.69525909423828,369.9683380126953,247.6516628265381,303.2377052307129,257.44211196899414,279.04043197631836,258.3149242401123,478,0.4844544529914856,0.5982000827789307,0,-5.742668151855469,1.052177311746315,0.5430787332313693,0.43495192479101774,0.2894529921661004,-0.14372221021105852,0.1841018410229324,24.213009607582396,10.666308403015137,0.08,1.8562864065170288,-3.8288896083831787,-42.58648681640625,-21.65069580078125
0.9054909944534302,-0.11065724492073059,-0.4096839427947998,0.14483864605426788,0.9880210161209106,0.053256720304489136,0.3988831043243408,-0.10756158083677292,0.910671591758728,0.9999997019767761,0.17251646518707275,0.09664709120988846,0.15312498807907104,0.057073548436164856,0.009993382729589939,0.26563510298728943,0.32149094343185425,0.033135537058115005,0.08733463287353516,0.16673125326633453,0.24850259721279144,0.6723966598510742,1,0.09689757448564751,1,0.4879529341601924,0.23985885996339423,-0.07442717805381618,0.4087426534418611,29.542553548262248,0.522779455780983,0.42052531540393834,0.49845399558544157,0.5090681344270707,335.6982421875,247.2374439239502,364.41856384277344,240.3160572052002,302.0669937133789,250.33269882202148,278.97579193115234,249.60877418518066,478,0.4756745398044586,0.5885428190231323,0,-6.73613166809082,1.0526164891578684,0.4145998201526763,0.39180857609366193,0.269664193781898,-0.12542117962794133,0.3181972239558705,23.102546757306506,9.087813377380371,0.08,1.6483567953109741,-3.3553788661956787,-42.483943939208984,-23.508373260498047
0.9905457496643066,-0.02372012287378311,-0.13511618971824646,0.028494926169514656,0.9990319013595581,0.03351469337940216,0.13419044017791748,-0.037047967314720154,0.9902627468109131,0.9999995231628418,0.18905197083950043,0.17221082746982574,0.13343550264835358,0.11577928066253662,0.008534206077456474,0.23120097815990448,0.22827966511249542,0.02439788356423378,0.08111424744129181,0.08442649990320206,0.3676302433013916,0.43892648816108704,1,0.10737813212023643,1,0.43249352150519405,0.2555794708137999,-0.0482557457201895,0.42801093407177343,28.025229354544393,0.5040642321109772,0.42168934345245357,0.5340584218502045,0.5112918138504028,360.50323486328125,247.3974323272705,388.42708587646484,245.01583099365234,322.4494171142578,249.9814510345459,293.78393173217773,248.206787109375,478,0.5299941897392273,0.5896024703979492,0,-2.1425650119781494,0.5542528033330493,0.40020483669612456,0.473569068212095,0.24645027899946387,-0.09700267123502702,0.3490615276732711,28.72036706407128,1.647767186164856,0.08,2.5364835262298584,-3.3359456062316895,-41.90745162963867,-7.711809158325195
0.9833351969718933,-0.043935079127550125,-0.17641329765319824,0.05982111766934395,0.9945179224014282,0.08576443046331406,0.1716781109571457,-0.09488841891288757,0.9805727005004883,1.0000003576278687,0.3729705512523651,0.08735237270593643,0.2236018031835556,0.18409277498722076,0.004385664127767086,0.2659379243850708,0.3272959291934967,0.02481057681143284,0.04214179888367653,0.050571125000715256,0.3188365399837494,0.4847352206707001,1,0.11062200911559224,1,0.4364267979601016,0.19181077766094015,-0.05847813685054266,0.340080690007531,31.46895720618506,0.5104314655065536,0.4275801569223404,0.5269034475088119,0.5068896800279618,355.47618865966797,246.98175430297852,386.5056610107422,241.74084663391113,316.68506622314453,247.640962600708,288.54623794555664,246.75850868225098,478,0.5164719820022583,0.5793095231056213,0,-5.527209281921387,0.8541631440681422,0.4467716080625885,0.47125937318496824,0.27647193495094396,-0.09793618599190013,0.4123926587186063,28.152662073240702,3.4812936782836914,0.08,2.335070848464966,-3.343081474304199,-42.65687942504883,-9.885401725769043
0.8749303817749023,-0.13551563024520874,-0.46490049362182617,0.13301177322864532,0.9903717041015625,-0.03836265206336975,0.46562305092811584,-0.028272587805986404,0.8845314979553223,0.9999995231628418,0.03573432192206383,0.46425363421440125,0.0432019904255867,0.3691476285457611,0.0013400225434452295,0.24136975407600403,0.6462193727493286,0.03631133213639259,0.17077027261257172,0.013500249944627285,0.23420853912830353,0.14486952126026154,1,0.11873927912131713,1,0.4224398665644895,0.30318247750473015,-0.08052165241557324,0.4076993228174484,34.29960979339244,0.5289175152778626,0.39998692572116856,0.4962057113647461,0.50274056494236,336.6014099121094,241.5908145904541,369.39056396484375,231.52430534362793,292.82739639282227,251.48961067199707,269.12817001342773,253.6966037750244,478,0.46728819608688354,0.6027536392211914,0,-1.8307416439056396,0.9426916554678472,0.45214365528266504,0.4918134295552628,0.28281971896289676,-0.13932249734558638,0.14315433108406195,23.801767782797214,8.644232749938965,0.3,1.498180627822876,-2.8494367599487305,-36.972476959228516,-27.750551223754883
0.9470229744911194,-0.11126308888196945,-0.301277220249176,0.17152893543243408,0.9683009386062622,0.1815793514251709,0.27152392268180847,-0.22363758087158203,0.9360881447792053,0.9999999403953552,0.24596330523490906,0.44835135340690613,0.6485167741775513,0.6283330321311951,0.005870006047189236,0.2251550704240799,0.32995209097862244,0.030485250055789948,0.00706226984038949,0.005982708651572466,0.199178084731102,0.5383757948875427,1,0.11112065218161422,1,0.4509188908504962,0.23333415864872437,-0.04643898534797666,0.5995710430573368,30.863034559678955,0.5151478528976441,0.44255066812038424,0.5110914587974549,0.49061340987682345,345.9723663330078,234.3048334121704,376.1531066894531,227.8511667251587,307.4174118041992,241.86830520629883,279.2103576660156,245.52778244018555,478,0.4959436058998108,0.5480627417564392,0,-13.436479568481445,0.8856537633684415,0.3910338724255851,0.4699869519885783,0.1532061507186762,-0.0843931775936167,0.539798513570233,28.44344699287768,10.26636028289795,0.7,1.8682029247283936,-2.827617883682251,-40.83570861816406,-15.75496768951416
0.9919900298118591,-0.09127704799175262,-0.08731729537248611,0.10335981100797653,0.9839127659797668,0.14571329951286316,0.07261232286691666,-0.1535712480545044,0.9854660630226135,1.0000001192092896,0.16531631350517273,0.3707074224948883,0.4738037586212158,0.4298706352710724,0.003459271974861622,0.12660670280456543,0.4425532817840576,0.04739704728126526,0.013633891008794308,0.014129586517810822,0.2428382933139801,0.40765583515167236,1,0.11547341701290885,1,0.42592811662881613,0.23459693711822086,-0.03824421255769185,0.5768967910337224,31.22839551955241,0.5070844024419785,0.44347736835479734,0.5283619493246079,0.4928660154342651,357.3660659790039,236.07576370239258,388.28125,231.6639518737793,317.81620025634766,241.89105033874512,287.3638916015625,245.32041549682617,478,0.5212775468826294,0.5493886470794678,0,-8.857510566711426,0.6182765864162275,0.531362081014272,0.4757287645050825,0.17910017439880382,-0.09192608030972275,0.4647868395654993,30.644798055380505,5.948434829711914,0.7,2.07403302192688,-2.753934621810913,-41.78434753417969,-4.164044380187988
0.9501093029975891,-0.11141032725572586,-0.2913416624069214,0.15300427377223969,0.9804077744483948,0.12405797094106674,0.2718122601509094,-0.16244515776634216,0.9485408663749695,0.9999998211860657,0.22438585758209229,0.1148499920964241,0.37519076466560364,0.28737494349479675,0.003600450698286295,0.5572238564491272,0.6100145578384399,0.0029589496552944183,0.014666273258626461,0.035650160163640976,0.09562001377344131,0.5306603908538818,1,0.10312092840622844,1,0.46739323534892985,0.2422357037222875,-0.028907184656601317,0.4902514075962823,31.87279651077001,0.5166094928979874,0.4278791159391403,0.5072351127862931,0.5021026939153671,340.8765411376953,241.30682945251465,372.22747802734375,235.5627965927124,304.15042877197266,245.5777931213379,277.93148040771484,248.37141036987305,478,0.49062561988830566,0.5742235779762268,0,-9.718080520629883,0.9367280803979913,0.4784344699299334,0.5386375255198615,0.2803693898511617,-0.07814253468798552,0.40985166203719836,26.367357674057242,9.14828872680664,0.7,1.53721284866333,-3.1722335815429688,-41.97392272949219,-15.772135734558105
0.9624382853507996,-0.11450177431106567,-0.24617451429367065,0.12490057200193405,0.991801917552948,0.026997163891792297,0.2410651296377182,-0.056730445474386215,0.9688493609428406,0.9999998211860657,0.173879936337471,0.16554702818393707,0.32522162795066833,0.28924325108528137,0.006095363758504391,0.4481814503669739,0.4467603266239166,0.006038070656359196,0.023250803351402283,0.03570104017853737,0.3712449371814728,0.5703549385070801,1,0.10318614448865633,1,0.46445268304232956,0.2468485432091753,-0.025932264295414627,0.5909163868462084,30.764220420995727,0.5092695385217667,0.42518422901630404,0.5105440050363541,0.5018440276384354,343.5730743408203,241.33973121643066,373.8114547729492,235.67602157592773,306.9029235839844,245.85222244262695,280.38970947265625,247.96311378479004,478,0.5012744665145874,0.5766597986221313,0,-3.3510966300964355,0.9797180293569744,0.46927795310065246,0.5184096555181416,0.24935991568383176,-0.09684021780049677,0.41012158987452235,26.597112339965445,7.394242763519287,0.7,1.6658430099487305,-2.8393924236297607,-41.5474967956543,-13.949413299560547
0.9942165017127991,-0.09775123000144958,0.04447818547487259,0.10131277143955231,0.9910882711410522,-0.08648572862148285,-0.03562771901488304,0.09049172699451447,0.995259702205658,0.9999998211860657,0.19802281260490417,0.15310589969158173,0.2985214591026306,0.21807846426963806,0.24660781025886536,0.00311810034327209,0.03103055991232395,0.4936595857143402,0.02687866985797882,0.03496138006448746,0.2726145088672638,0.35034117102622986,1,0.12398213796912869,1,0.4769597089620911,0.26317171496810304,-0.030721530825247964,0.43574356567697387,30.040774889397927,0.47118762135505676,0.41557506620883944,0.5353803932666779,0.5065117865800858,366.83372497558594,243.36313247680664,396.69700622558594,240.10236740112305,323.82568359375,247.05368041992188,289.78525161743164,248.0199909210205,478,0.5641927719116211,0.5909367203712463,0,5.1952033042907715,0.6100761223005418,0.48540847121313746,0.3944711831488889,0.23985129846679953,-0.05839281787933162,0.3916280355609019,34.05414461100145,5.818476676940918,0.7,2.557133674621582,-2.441798448562622,-39.69523239135742,2.0417497158050537
0.9958932995796204,-0.0643460750579834,-0.06368768960237503,0.07106263935565948,0.9914403557777405,0.10952678322792053,0.056094929575920105,-0.11360281705856323,0.9919413924217224,0.9999997019767761,0.14517123997211456,0.22591930627822876,0.25892385840415955,0.38240286707878113,0.011084958910942078,0.04229451343417168,0.30405768752098083,0.14938421547412872,0.042336396872997284,0.015387829393148422,0.5200976729393005,0.1823989599943161,1,0.11796122514023757,1,0.4376819619945478,0.23198966832868528,-0.04750551401576882,0.48299674649612245,29.698651962473207,0.4946754395961761,0.4255232006311417,0.5283003270626068,0.5061048060655594,359.2993927001953,243.3324909210205,388.89427185058594,240.85195541381836,318.2832717895508,246.49927139282227,287.58764266967773,247.43216514587402,478,0.5336248874664307,0.5805816054344177,0,-6.5333757400512695,0.5662545769886579,0.5240805449244336,0.4220386089124622,0.2587332151199846,-0.04664652208058216,0.4434342484334848,30.709801983742924,4.081461429595947,0.7,2.235478639602661,-3.248542308807373,-41.26755905151367,-3.2156903743743896
0.9963257908821106,-0.04061655327677727,-0.07540006935596466,0.04852508008480072,0.9931591749191284,0.10620799660682678,0.0705704614520073,-0.10947658121585846,0.9914810657501221,0.9999997615814209,0.14004136621952057,0.25786614418029785,0.3820873498916626,0.3814859092235565,0.0053683556616306305,0.13865213096141815,0.34794825315475464,0.04695313051342964,0.021708007901906967,0.012434952892363071,0.30661147832870483,0.18852458894252777,1,0.11595550062217357,1,0.4160879801191687,0.2771317240090064,-0.03954313525053785,0.4661740891545232,29.59277943861824,0.49784502089023586,0.4289588093757629,0.5304355293512344,0.5074265956878662,359.4749450683594,244.4362449645996,388.99898529052734,242.42039680480957,318.69455337524414,246.41132354736328,288.23863983154297,247.31517791748047,478,0.5325905084609985,0.5784677863121033,0,-6.3009161949157715,0.4294843543488942,0.5509324269902472,0.4695193938422789,0.24637685400084583,-0.05598619896157275,0.4262290854533815,30.46932264696278,2.7883317470550537,0.7,2.234419107437134,-3.225759267807007,-41.350250244140625,-4.046753406524658
0.9925370812416077,-0.012556827627122402,-0.12129435688257217,0.023475751280784607,0.9957535862922668,0.08901524543762207,0.11966154724359512,-0.09119841456413269,0.9886171817779541,0.9999995231628418,0.14312300086021423,0.2999434173107147,0.39670684933662415,0.39195355772972107,0.015890806913375854,0.12135778367519379,0.16544382274150848,0.04815174639225006,0.023600459098815918,0.01469386275857687,0.3206484615802765,0.11163042485713959,1,0.11878750459362448,1,0.48808819517789853,0.24679551312898396,-0.04470034617953024,0.45942360725755954,34.353168786195354,0.5049483835697174,0.4329007059335709,0.5324817955493927,0.5047899276018143,361.4260482788086,243.75529289245605,395.7087707519531,241.556396484375,320.1304626464844,246.38500213623047,287.75440216064453,246.25768661499023,478,0.5275334119796753,0.5718892216682434,0,-5.270530700683594,0.6455972567329759,0.5647534811267624,0.4672772271126424,0.2493149468688353,-0.08477574761627836,0.37248749056324004,32.37631081345528,1.3549224138259888,0.7,2.4455511569976807,-2.979135751724243,-40.94240188598633,-6.872569561004639
0.9929172992706299,-0.019781751558184624,-0.11714880168437958,0.04503779485821724,0.9751169085502625,0.21706831455230713,0.10993978381156921,-0.2208070456981659,0.9691013693809509,0.9999998211860657,0.0683678537607193,0.2528912425041199,0.5913921594619751,0.5387693643569946,0.04546235874295235,0.07452820241451263,0.08683081716299057,0.06047618016600609,0.014072071760892868,0.00935524795204401,0.18470081686973572,0.1794583648443222,1,0.11203423265253303,1,0.5430629443508792,0.2683158187565089,-0.052760796442193954,0.5420108090862771,30.74969091708447,0.5004777878522872,0.44388527870178224,0.5287436217069625,0.49710280895233155,360.4049301147461,239.95246410369873,391.04408264160156,237.34750270843506,319.0184020996094,242.1891689300537,287.3700523376465,242.98044204711914,478,0.5282658338546753,0.5532175302505493,0,-12.83556079864502,0.8386586583952758,0.29819244363430747,0.48403574748552397,0.23480575166776005,-0.0790940284448601,0.4746273492219344,31.65823993630479,2.597102403640747,0.7,2.3653719425201416,-3.031090497970581,-41.546905517578125,-6.3118438720703125
0.9734126329421997,0.011003672145307064,-0.2287941426038742,0.018022192642092705,0.9920699000358582,0.12438885867595673,0.2283484935760498,-0.12520505487918854,0.9654949903488159,0.9999997019767761,0.08921130001544952,0.0844048336148262,0.2748693525791168,0.2623225450515747,0.022724531590938568,0.28669077157974243,0.31926968693733215,0.005514435935765505,0.022486882284283638,0.03902091085910797,0.1062934547662735,0.3826867640018463,1,0.09741695231495881,1,0.5320728454801466,0.3321038156711513,-0.04403112820874603,0.48990503904219745,27.869026575614424,0.5106328010559082,0.4270380973815918,0.5195616364479065,0.5019997000694275,350.88050842285156,243.64208221435547,378.59912872314453,240.75058937072754,313.51409912109375,243.77102851867676,286.785831451416,243.55713844299316,478,0.5089288353919983,0.5749616026878357,0,-7.388861656188965,0.9250951977361518,0.3009178805763729,0.5450744283078698,0.3279772702194787,-0.10338026107226769,0.43945045857147946,26.72912347309343,1.0606781244277954,0.7,1.9340543746948242,-3.2364540100097656,-41.91325759887695,-13.199859619140625
0.93096923828125,-0.02192326821386814,-0.3644386827945709,0.08315863460302353,0.9846906661987305,0.1531957983970642,0.3555009067058563,-0.17292681336402893,0.9185398817062378,0.9999998211860657,0.07212268561124802,0.10449978709220886,0.5485386848449707,0.5261833667755127,0.006523957941681147,0.3931506276130676,0.40596455335617065,0.010273659601807594,0.008017199113965034,0.010873964987695217,0.12191307544708252,0.5635898113250732,1,0.10041736936592383,1,0.49391616914160147,0.2869516398879934,-0.023002233951924113,0.6528906354828509,30.599742728258217,0.52458635866642,0.4320815294981003,0.5095145791769028,0.49550522267818453,343.0168914794922,239.151291847229,373.19766998291016,234.10501956939697,306.41368865966797,241.55997276306152,281.03710174560547,241.8002414703369,478,0.4849282205104828,0.5634236931800842,0,-10.661865234375,1.070482491220741,0.3886627680408907,0.512860740859416,0.2856484595042598,-0.06793306187898492,0.6084147354164067,25.377724336697714,5.104386329650879,0.7,1.7568904161453247,-2.9950809478759766,-41.724822998046875,-20.824146270751953
0.9977289438247681,-0.04195677116513252,-0.05269359052181244,0.03912496939301491,0.9977920651435852,-0.05366896092891693,0.05482902005314827,0.051485445350408554,0.9971674680709839,1.0000004768371582,0.04549505189061165,0.18251235783100128,0.2184658944606781,0.23714138567447662,0.5688064098358154,0.00205510132946074,0.006297775078564882,0.5458458065986633,0.043313268572092056,0.03236773610115051,0.6247483491897583,0.3631489872932434,1,0.12066513380999755,1,0.5623513379688784,0.29795732051330953,-0.03747089748447396,0.505835291594788,31.268159119395175,0.48702208995819096,0.40685310661792756,0.5286508083343506,0.4961322218179703,363.6102294921875,239.46752071380615,394.4986343383789,234.60910320281982,320.35606384277344,242.0669174194336,287.5836181640625,241.67444229125977,478,0.5416287183761597,0.5892791152000427,0,2.955653429031372,0.8893033420791943,0.3657721171004085,0.37290101740687714,0.23234053949206687,-0.050105157797253,0.5335445095544185,32.77479569052786,2.245647430419922,0.7,2.3625833988189697,-2.353588104248047,-39.40086364746094,-3.143047332763672
0.9938431978225708,-0.037162721157073975,-0.10437794029712677,0.039249006658792496,0.9990672469139099,0.018004897981882095,0.10361145436763763,-0.021990733221173286,0.9943747520446777,1.0,0.06204730644822121,0.15236283838748932,0.18030038475990295,0.17930282652378082,0.38159382343292236,0.007050352171063423,0.012321612797677517,0.33661124110221863,0.055823519825935364,0.057325903326272964,0.5865230560302734,0.5673868656158447,1,0.1081882858786537,1,0.5374575921672914,0.35331909909203285,-0.053177094216974814,0.5201721811072337,26.62039656078162,0.4993882715702057,0.4106170654296875,0.5240589916706085,0.49644405841827394,358.09913635253906,239.83274459838867,384.37137603759766,235.54148197174072,319.42169189453125,242.398681640625,287.98858642578125,242.14402198791504,478,0.5246707201004028,0.5858269929885864,0,-1.2668973207473755,0.9456055322626822,0.23825592572089457,0.4095382109749627,0.23162187343662433,-0.06815925328703479,0.47405115874874537,31.43413703302745,2.2615582942962646,0.7,2.125377893447876,-2.728182315826416,-41.235050201416016,-5.947172164916992
0.9963924288749695,-0.07521063089370728,-0.03931519389152527,0.0790480226278305,0.9910631775856018,0.10744820535182953,0.030882595106959343,-0.11016837507486343,0.9934329986572266,0.9999995231628418,0.058969829231500626,0.2195022702217102,0.3945349156856537,0.3829706907272339,0.17408248782157898,0.01406951155513525,0.03593295440077782,0.25030210614204407,0.021713797003030777,0.01489874068647623,0.28237053751945496,0.2808851897716522,1,0.11814124050664761,1,0.49237480928310695,0.3175044292069896,-0.04925825327029472,0.5355299815072438,30.093865893085674,0.4848800987005234,0.42650010883808137,0.5306590884923935,0.49364193975925447,362.3780059814453,237.15893268585205,392.24952697753906,233.50749492645264,320.86498260498047,241.62872314453125,288.1927490234375,242.17792510986328,478,0.5457789897918701,0.5671418309211731,0,-6.328052043914795,0.582685873212609,0.4083856512434172,0.42413161577868036,0.24276101015061002,-0.05296372155020495,0.504828832650485,32.676849145396226,4.536015510559082,0.7,2.417370319366455,-2.643486261367798,-40.55052185058594,-1.769723653793335
0.9896320700645447,-0.048815835267305374,-0.13507528603076935,0.06705610454082489,0.9887141585350037,0.1339694857597351,0.1270110011100769,-0.1416381150484085,0.9817366003990173,0.9999997615814209,0.1048683375120163,0.22967197000980377,0.5114983320236206,0.48278358578681946,0.03677959740161896,0.0735756903886795,0.10153672844171524,0.0737653449177742,0.017122464254498482,0.013249632902443409,0.36058351397514343,0.35524219274520874,1,0.11175299342974816,1,0.5117226521798438,0.267342362558873,-0.029076491031127364,0.581187132341611,30.865918503780964,0.508776170015335,0.4322252988815308,0.5227296769618988,0.49102206230163575,355.37269592285156,235.5365753173828,385.9434127807617,231.2779140472412,316.10483169555664,240.0999927520752,286.46963119506836,241.3722324371338,478,0.5139535069465637,0.558796763420105,0,-8.209588050842285,0.8519181574781959,0.465547776131187,0.4233294842036447,0.23504234723368952,-0.06724095486864605,0.5022861531033997,29.66249656687218,3.8763575553894043,0.7,1.9649651050567627,-2.6325695514678955,-41.0748176574707,-7.296903133392334
0.9916931390762329,-0.0494198352098465,-0.11875395476818085,0.06177721917629242,0.9927881956100464,0.10273854434490204,0.11282020807266235,-0.10922139137983322,0.9875941872596741,1.0000001192092896,0.06121330335736275,0.19400395452976227,0.4219261407852173,0.406510591506958,0.016805624589323997,0.088374063372612,0.1853436529636383,0.06274079531431198,0.02555675059556961,0.01328886579722166,0.4074059724807739,0.21496595442295074,1,0.11899604279262994,1,0.4722098209806137,0.2802104097131456,-0.020620063684135034,0.5782171867198275,31.84119813089747,0.4999109297990799,0.42759207189083104,0.5281785517930985,0.5021028846502305,359.4934844970703,240.7682704925537,390.93494415283203,235.73870658874512,317.229061126709,245.7978343963623,286.6233444213867,247.44349479675293,478,0.5282676219940186,0.5745108127593994,0,-6.310888290405273,0.700015846861869,0.4677693358929865,0.4461280525797322,0.2576031655748003,-0.06710062476677242,0.506790715153171,30.6499281118432,3.5646166801452637,0.7,2.203227996826172,-3.0113542079925537,-41.11475372314453,-6.477913856506348
0.9429061412811279,-0.10992655158042908,-0.3143950402736664,0.18182460963726044,0.960780680179596,0.2093806117773056,0.27904820442199707,-0.25459104776382446,0.9259133338928223,1.0,0.5661389827728271,0.7826206088066101,0.00033378691296093166,0.005159259773790836,8.618980791652575e-05,0.0023819650523364544,0.9898930191993713,0.8896622657775879,0.837709903717041,0.5195809602737427,0.02991178259253502,0.023688187822699547,1,0.12906956327980185,1,0.22598649411585106,0.2244791154173137,-0.3571961007767333,-0.8333659544992873,28.536675620686474,0.5153419554233551,0.4379779607057571,0.5129568159580231,0.5046983867883682,349.2664337158203,248.55623245239258,377.24578857421875,242.9439640045166,307.1083450317383,257.75081634521484,282.5767517089844,261.16570472717285,478,0.49761486053466797,0.5667204260826111,0,-15.37423038482666,0.655039843839604,0.48142249822527017,0.2726046919291416,0.15641489233855274,-0.4141276641800128,-1.0,24.768135449883022,10.914617538452148,0.7,2.1278433799743652,-4.062906265258789,-45.4276008605957,-16.203405380249023
0.962678849697113,-0.13576380908489227,-0.23413139581680298,0.16276977956295013,0.9815749526023865,0.10008344054222107,0.21622979640960693,-0.13445773720741272,0.9670397043228149,0.9999999403953552,0.6138299703598022,0.8183022737503052,0.00046933788689784706,0.0001756499259499833,7.584398554172367e-05,0.00015889661153778434,0.9972197413444519,0.9933261871337891,0.849488377571106,0.9404956698417664,0.03034268133342266,0.028035834431648254,1,0.13657505926989771,1,0.17878343104123368,0.18636985317535412,-0.4468196768381986,-1.0,30.739243854009302,0.5162654399871827,0.4378927439451218,0.5191863656044007,0.5208430379629135,352.4048614501953,261.20530128479004,382.89222717285156,257.2782611846924,312.01244354248047,266.90271377563477,287.77395248413086,269.3111515045166,478,0.502920925617218,0.5829502940177917,0,-7.915687561035156,0.725399747358724,0.5193565757960827,0.10594695134872864,0.16236859711656543,-0.5550568104798601,-1.0,24.357853376853864,9.596808433532715,0.7,2.520399808883667,-4.724982261657715,-50.18082809448242,-12.487686157226562
0.917805552482605,-0.13594157993793488,-0.3730320632457733,0.1679377257823944,0.9842902421951294,0.05449449643492699,0.3597637712955475,-0.11266150325536728,0.926216721534729,1.0000004768371582,0.007139986380934715,0.0023879134096205235,0.974205493927002,0.96832275390625,0.03952910751104355,0.41692864894866943,0.34389644861221313,0.010579774156212807,0.00031698192469775677,0.00044626876479014754,0.24779200553894043,0.9476435780525208,1,0.09625492969092987,1,0.5256464473111162,0.2643705086304981,0.2521116221908213,1.6949920583481846,30.527520783551477,0.5285403370857239,0.4476174473762512,0.5057227849960327,0.5243515729904175,338.5734558105469,243.3024787902832,368.56212615966797,237.59203433990479,299.83531951904297,247.50426292419434,277.8700256347656,248.4437656402588,478,0.47718244791030884,0.5767341256141663,0,-6.935173034667969,1.1178456532013852,0.5659343429624952,0.6762490224640357,0.2690938893947594,0.33697054574470225,2.0,21.98537697698484,10.369129180908203,0.7,1.664186716079712,-3.181886911392212,-44.83683776855469,-21.0856876373291
0.9847016930580139,-0.0651615709066391,-0.1616058647632599,0.06964705884456635,0.997323751449585,0.022241724655032158,0.15972405672073364,-0.03315683826804161,0.9866046905517578,1.0,0.014642354100942612,0.08514101058244705,0.7732558250427246,0.43843984603881836,0.006798493675887585,0.09953831136226654,0.31098052859306335,0.05425608158111572,0.002995918272063136,0.02221544086933136,0.5944609642028809,0.5850496292114258,1,0.11488246271928175,1,0.4533358517340435,0.25663941163189297,0.10526532948679669,1.1149225361018194,31.091103739586423,0.5095307141542434,0.42923053205013273,0.5290481954813003,0.506349703669548,358.0792999267578,241.09216690063477,388.7736511230469,236.14105224609375,316.99466705322266,245.82655906677246,288.43679428100586,246.11326217651367,478,0.5195174813270569,0.5771191716194153,0,-1.9248155355453491,0.9308127694093721,0.39977667974020725,0.47248365196335146,0.24378743692732183,-0.04786683763286585,0.6249235436758515,28.55931189654918,4.045741081237793,0.7,2.352449893951416,-2.8653886318206787,-42.56406784057617,-9.190879821777344
0.9382606148719788,0.0032099662348628044,-0.34591448307037354,0.10562000423669815,0.9495497941970825,0.2952958047389984,0.3294109106063843,-0.3135998845100403,0.8905860185623169,0.9999997615814209,0.6175001263618469,0.8049359917640686,3.427446790738031e-05,0.021863287314772606,2.9929231459391303e-05,0.000532034260686487,0.9971756935119629,0.9785333275794983,0.9749691486358643,0.3922557830810547,0.15549367666244507,0.04556642472743988,1,0.13358070698720279,1,0.1948865100089003,0.18985124702975106,-0.35682587726718734,-1.0,32.12408793967089,0.5269959092140197,0.4349194794893265,0.5255424499511718,0.5109531909227372,355.1959991455078,253.26696395874023,386.7512512207031,247.2484016418457,316.8825149536133,260.7703971862793,289.987850189209,265.24166107177734,478,0.4985465407371521,0.5760337114334106,0,-19.398569107055664,0.6884052580831798,0.3951302267548909,0.23499193757690545,0.10635573379247695,-0.4080596040375441,-1.0,27.263807393281972,6.422747611999512,0.92,2.6381382942199707,-4.607148170471191,-45.27272415161133,-19.233022689819336
0.9523405432701111,-0.16864678263664246,-0.2541765868663788,0.18066470324993134,0.9832388758659363,0.024527177214622498,0.2457798421382904,-0.06927896291017532,0.9668467044830322,0.9999995231628418,0.008831404149532318,0.000759108632337302,0.9971070289611816,0.9909972548484802,0.4460866153240204,0.9305075407028198,0.021377071738243103,0.0004125256382394582,8.448638982372358e-05,0.00018118663865607232,0.26118895411491394,0.08039574325084686,1,0.08455274539664269,1,0.5798779506855416,0.22892323581984028,1.2386033320753609,2.0,31.373558515528437,0.5388675451278686,0.5092222929000855,0.5374024033546447,0.5853299736976624,349.1105651855469,240.70738792419434,379.70813751220703,233.77278327941895,303.95437240600586,250.31630516052246,279.435977935791,254.27513122558594,478,0.4985348582267761,0.5761076807975769,0,-4.0984978675842285,1.0059744071593681,0.635290259826372,1.3069086844015327,0.25046924589090697,1.511545498704256,2.0,24.835941118873667,10.741706848144531,0.92,1.8129886388778687,-2.878007173538208,-43.35394287109375,-14.227923393249512
0.8962788581848145,-0.11935120075941086,-0.427129328250885,0.19823507964611053,0.969353437423706,0.14510929584503174,0.3967203199863434,-0.21473044157028198,0.89247065782547,1.0000004768371582,0.15471772849559784,0.48047953844070435,0.017166713252663612,0.4653298556804657,7.069061393849552e-05,0.14237776398658752,0.9639905095100403,0.09619664400815964,0.2948732078075409,0.010829409584403038,0.424826443195343,0.07470572739839554,1,0.12053014723322411,1,0.3245686250435103,0.21303678840135948,-0.0815650119404273,0.35123240098743624,32.06941628520403,0.5316776067018509,0.41624520123004916,0.510105910897255,0.5118177324533463,343.90350341796875,244.09008979797363,374.2340087890625,233.67337703704834,301.69397354125977,258.1006336212158,279.646053314209,262.6110649108887,478,0.47842830419540405,0.5955725312232971,0,-13.52835464477539,0.6289696744711476,0.5628397811577408,0.48720648317064147,0.2540490323022072,-0.17418384254486355,0.18114069028214727,22.504550135522905,12.47165298461914,0.92,1.8358970880508423,-3.8657376766204834,-40.360198974609375,-23.373308181762695
0.9175575375556946,-0.10174769908189774,-0.38436388969421387,0.1909749060869217,0.9606714248657227,0.20159105956554413,0.3487359881401062,-0.25837525725364685,0.9009025692939758,0.9999999403953552,0.11330021172761917,0.38720056414604187,0.21929670870304108,0.2294098436832428,0.0015463613672181964,0.1747543066740036,0.672558069229126,0.057735804468393326,0.04249189794063568,0.03130148723721504,0.38429421186447144,0.2794547379016876,1,0.11416411579074233,1,0.404900159164326,0.21703538137155243,-0.07724659413736659,0.5032737536677089,30.5281165606455,0.5239473283290863,0.4290118455886841,0.502591460943222,0.48900159597396853,340.5449676513672,234.28886890411377,369.9745178222656,226.1729907989502,299.1615295410156,244.44665908813477,275.97957611083984,247.45954513549805,478,0.47864413261413574,0.5599897503852844,0,-16.00267791748047,0.8404097427846444,0.44281434463197833,0.4503405417636271,0.2555477373126369,-0.1758511235933151,0.2668768987158528,23.37692125195251,11.757341384887695,0.92,1.6139235496520996,-2.9744818210601807,-41.02098846435547,-20.41002082824707
0.9457094073295593,-0.1173858493566513,-0.3030746579170227,0.1763518750667572,0.9686240553855896,0.1751214563846588,0.2730085849761963,-0.21906180679798126,0.9367380738258362,1.0000003576278687,0.14025692641735077,0.24789205193519592,0.2251298874616623,0.24022158980369568,0.0043342518620193005,0.15915578603744507,0.40076926350593567,0.04539329931139946,0.0477575808763504,0.032325223088264465,0.4155178964138031,0.30625051259994507,1,0.11367322778646986,1,0.48458074551420155,0.19053677650915207,-0.07360919666023434,0.5021250802746279,33.4734520943391,0.513455793261528,0.4295960634946823,0.5147899836301804,0.4952462285757065,349.05513763427734,237.1986436843872,381.28997802734375,228.17716598510742,309.76985931396484,246.51726722717285,281.37598037719727,249.86117362976074,478,0.5013341903686523,0.5656501650810242,0,-13.1624174118042,0.9765926550537741,0.4410390470968495,0.45206156377219764,0.2440440477616598,-0.10424323588828706,0.43032044697720306,28.590104427271022,10.562952995300293,0.92,2.1628360748291016,-3.1433827877044678,-41.350276947021484,-15.843372344970703
0.9622073769569397,-0.11045864969491959,-0.24890947341918945,0.14867275953292847,0.9788795709609985,0.14032526314258575,0.22815226018428802,-0.1720280647277832,0.9583073258399963,0.9999997615814209,0.38204479217529297,0.2643539607524872,0.49494728446006775,0.36239930987358093,0.0040826862677931786,0.108519047498703,0.46487894654273987,0.06886439770460129,0.010131110437214375,0.01783568412065506,0.220934197306633,0.25229382514953613,1,0.11921516130130679,1,0.4452939780494734,0.17138358976792448,-0.03441443043705834,0.4614559449739027,32.2169095854263,0.5112199813127518,0.43374742865562443,0.5170013934373856,0.5045122087001801,351.21070861816406,241.0891342163086,382.9753112792969,235.70960998535156,308.7497901916504,248.6546802520752,281.11522674560547,251.81439399719238,478,0.5057814121246338,0.5707647800445557,0,-10.176911354064941,0.9101777477127252,0.6272013629110956,0.44459482402026324,0.22498696924831163,-0.11062342775737032,0.3350069785057155,27.814616442802045,8.783435821533203,0.92,2.0386953353881836,-3.181135654449463,-41.42060470581055,-13.188310623168945
0.9144483804702759,-0.1476512849330902,-0.3768066167831421,0.24597223103046417,0.9421377182006836,0.2277589589357376,0.3213748335838318,-0.3009577691555023,0.8978544473648071,1.0000001192092896,0.5307424664497375,0.6496795415878296,0.0002585563051979989,0.004437687806785107,3.80833116651047e-05,0.0008330524433404207,0.9955782890319824,0.956173837184906,0.8618568181991577,0.5171161890029907,0.04504672810435295,0.0318119116127491,1,0.13269983654192657,1,0.19628871973177425,0.19924697575529732,-0.33269891153875764,-0.7845957412959604,29.46213917463971,0.5197795152664184,0.42742070853710173,0.516696435213089,0.4878303736448288,351.9715118408203,238.50996494293213,380.0517272949219,229.59261417388916,310.33634185791016,252.3767852783203,286.6438674926758,257.60650634765625,478,0.49691691994667053,0.560409665107727,0,-18.530977249145508,0.624787982041865,0.4848072758156226,0.24300692633966647,0.1879154690496873,-0.42880223675974655,-1.0,24.262797119435135,15.055316925048828,0.92,2.5933361053466797,-3.406705141067505,-44.38544464111328,-18.7460880279541
0.946261465549469,-0.14181998372077942,-0.29064837098121643,0.2131221741437912,0.9494234323501587,0.2305949628353119,0.24324531853199005,-0.2801467180252075,0.9286277294158936,1.0,0.15334683656692505,0.49348655343055725,0.00838591530919075,0.008411497808992863,0.0005298851174302399,0.0025916020385921,0.9355931878089905,0.8316009044647217,0.3947725296020508,0.42112427949905396,0.05282239988446236,0.08252906054258347,1,0.12761821541451468,1,0.3689211262330297,0.21892795210121896,-0.18507421332484836,-0.07089770130121972,31.88935806954586,0.5147295534610749,0.4366468280553818,0.520195358991623,0.49489236772060397,354.75650787353516,239.45787906646729,385.6535339355469,231.56453132629395,311.70827865600586,250.65319061279297,286.61930084228516,255.04337310791016,478,0.5054658055305481,0.5582455396652222,0,-16.787416458129883,0.6532380258416272,0.44059029841844155,0.30680480734087356,0.18488992998592263,-0.29657144018561793,-0.604882034488135,25.470188655146302,12.69267749786377,0.92,2.6496267318725586,-3.348242998123169,-44.56144332885742,-14.078160285949707
0.9187554121017456,-0.16415882110595703,-0.3590826094150543,0.22873179614543915,0.9626042246818542,0.145171657204628,0.32182323932647705,-0.21551084518432617,0.9219462275505066,1.0000001192092896,0.005277365446090698,0.022693466395139694,0.9918060302734375,0.991044282913208,0.0009267539135180414,0.774054765701294,0.8312172889709473,0.004599577747285366,0.00013172946637496352,8.138021803461015e-05,0.4422070384025574,0.8628617525100708,1,0.11127589774279593,1,0.36750665146726536,0.26733982703134146,0.32460310740317055,2.0,28.28935125014287,0.5308044105768204,0.45468013882637026,0.5245235711336136,0.5191553175449372,350.53077697753906,236.6307020187378,377.6329040527344,228.52131843566895,307.18196868896484,249.57721710205078,283.92879486083984,253.69128227233887,478,0.4937191605567932,0.5644751787185669,1,-13.15700912475586,1.1700498139216706,0.6047163609006765,0.6933681002013625,0.19600157239067773,0.305523238619894,2.0,23.614309758144607,13.98005485534668,0.92,2.3037607669830322,-3.1633262634277344,-43.14101791381836,-18.773221969604492
0.9831636548042297,-0.12401606887578964,-0.13419844210147858,0.13717694580554962,0.9861047267913818,0.09370145201683044,0.12071321904659271,-0.11053277552127838,0.9865145087242126,1.0,0.0018753240583464503,0.02520376443862915,0.9939092397689819,0.9954402446746826,0.0027340089436620474,0.7657262682914734,0.757585883140564,0.0017113357316702604,0.00012308185978326946,2.5504414224997163e-05,0.7886228561401367,0.5125096440315247,1,0.11218763517562977,1,0.42287421151194704,0.22062900520222717,0.3732600134263274,2.0,31.895848707653016,0.5177554517984391,0.46323442757129674,0.5413610965013504,0.5036835700273514,361.1063766479492,227.22928047180176,392.1693420410156,219.98791694641113,318.2122230529785,237.84265995025635,289.5426368713379,242.52957344055176,478,0.5236056447029114,0.5404491424560547,1,-6.392970085144043,0.9650889351483859,0.5832235619197466,0.7058770786013241,0.20439787688867672,0.33426095001187234,2.0,29.050169189698924,7.942975044250488,0.92,2.5232014656066895,-1.7834547758102417,-42.23176574707031,-6.933265686035156
0.9926407933235168,-0.06768688559532166,-0.10041268169879913,0.07944784313440323,0.9898096919059753,0.11817285418510437,0.09139066934585571,-0.12528079748153687,0.9879031181335449,1.0000001192092896,0.8200383186340332,0.8802571892738342,3.522345286910422e-05,8.693270501680672e-05,0.00034731579944491386,0.00039336757618002594,0.9842065572738647,0.9776213765144348,0.9763892889022827,0.9767340421676636,0.09173845499753952,0.012976540252566338,1,0.12434626707718115,1,0.2017639043368264,0.18028997500243601,-0.521421888853352,-1.0,26.977188309611662,0.5056298464536667,0.426314440369606,0.5377739757299423,0.5149226456880569,364.58629608154297,260.2896308898926,391.25999450683594,256.25447273254395,327.51258850097656,265.5898189544678,303.47707748413086,267.18403816223145,478,0.5321441292762756,0.5886082053184509,1,-7.227376937866211,0.6916538179685541,0.36882473190805937,0.09059547927302396,0.22397838768045064,-0.654070385093604,-1.0,24.088323411385243,4.576018810272217,0.92,3.348663568496704,-4.824872016906738,-49.53076934814453,-5.243616104125977
0.9784811735153198,-0.18273665010929108,-0.09582224488258362,0.18139292299747467,0.9831504225730896,-0.02262575738132,0.09834222495555878,0.004757384303957224,0.9951412677764893,1.0000001192092896,0.07094232738018036,0.19809502363204956,0.027800152078270912,0.012266375124454498,0.0023730325046926737,0.46364733576774597,0.4595869183540344,0.009915889240801334,0.34593477845191956,0.39252784848213196,0.3793845772743225,0.5779005885124207,1,0.10802981154405097,1,0.3744922344051948,0.28556796790585165,-0.059968432182509794,0.4567830724687108,29.65876572985895,0.5019116312265396,0.40985776185989375,0.5209828525781631,0.5253723978996276,350.01331329345703,253.30641746520996,378.84979248046875,246.3710117340088,313.4303855895996,259.3695259094238,286.90404891967773,261.91134452819824,478,0.5190712213516235,0.6155146360397339,1,0.27390679717063904,0.45789720754560487,0.25737673523751997,0.4768980490453848,0.2620305279326997,-0.1303880656142407,0.13614570911243262,26.647840045115963,10.502386093139648,0.92,2.1490447521209717,-3.9822258949279785,-44.44890213012695,-5.643716335296631
0.9818630218505859,-0.1299327313899994,-0.13806714117527008,0.12734225392341614,0.9914783239364624,-0.027470970526337624,0.14045995473861694,0.00939095113426447,0.9900419116020203,1.0,0.12986460328102112,0.36250945925712585,0.018700508400797844,0.015974735841155052,0.006821046583354473,0.30648520588874817,0.3223518133163452,0.014753641560673714,0.4154229760169983,0.39249882102012634,0.5065909028053284,0.4383014440536499,1,0.10919213342324345,1,0.39161655842038817,0.24762910489875525,-0.10015526849168122,0.34814827640774765,31.34354730153219,0.49970734119415283,0.414926353096962,0.5235796570777893,0.5052028328180314,352.6195526123047,247.8567123413086,382.61497497558594,238.763165473938,314.951171875,248.34806442260742,286.5934753417969,250.25991439819336,478,0.5238723158836365,0.5902764797210693,1,0.5434574484825134,0.5842064485211774,0.3584055950436692,0.49422803329264364,0.2074195360127916,-0.12961880790297817,-0.048863971037085396,28.422071054995847,7.3896989822387695,0.92,2.2610599994659424,-2.973069667816162,-42.715206146240234,-8.074461936950684
0.9823762774467468,-0.07321944087743759,-0.1719760000705719,0.0720626562833786,0.9973158240318298,-0.012968389317393303,0.17246393859386444,0.0003467572096269578,0.9850158095359802,0.9999995231628418,0.17652657628059387,0.322226345539093,0.2224903106689453,0.2393002212047577,0.033424898982048035,0.08352980762720108,0.11368927359580994,0.06113831326365471,0.04087214544415474,0.03430980443954468,0.4685817360877991,0.3153255879878998,1,0.11093579754084908,1,0.4666640068163029,0.22738846675629715,-0.08495886011059817,0.44658738786255725,31.88833997332474,0.5022346466779709,0.41887069344520567,0.523863622546196,0.5016936719417572,354.92767333984375,245.37660598754883,385.9196090698242,237.8688669204712,316.16039276123047,244.76855278015137,286.6197204589844,245.21641731262207,478,0.5216289758682251,0.5828229784965515,1,0.020169952884316444,0.8490349258755719,0.487954788505651,0.4521751470990539,0.22348040973084649,-0.06910816071145111,0.2682497315284283,29.544067133135595,4.195443153381348,0.92,2.309546709060669,-2.6676931381225586,-41.501338958740234,-9.931108474731445
0.9873823523521423,-0.04530509188771248,-0.15173479914665222,0.05048235505819321,0.9982609152793884,0.030441835522651672,0.1500917375087738,-0.037717610597610474,0.9879522919654846,0.9999997019767761,0.19953759014606476,0.1324390321969986,0.24300195276737213,0.2358676791191101,0.02703598514199257,0.10070778429508209,0.12667202949523926,0.04999794811010361,0.0393453985452652,0.03906745836138725,0.1995278298854828,0.5487842559814453,1,0.11230276969580015,1,0.49040321144955096,0.261734680159291,-0.06959517804663434,0.3716150113148356,32.663301145926425,0.5044050723314285,0.41873123645782473,0.5249149709939956,0.5089763641357422,355.67283630371094,247.1967887878418,388.0586242675781,242.9480266571045,316.7435073852539,247.66087532043457,286.64520263671875,246.9532012939453,478,0.5205098986625671,0.5902451276779175,1,-2.1863512992858887,0.8218561569967562,0.5980232764972041,0.4451479503536858,0.25418421043624334,-0.04513231270135299,0.4492813127956041,30.10662304749031,2.9268391132354736,0.92,2.217698574066162,-3.105354070663452,-41.38090133666992,-8.632243156433105
0.9759446978569031,-0.05453066527843475,-0.21108850836753845,0.06285566836595535,0.9974793791770935,0.032926615327596664,0.20876091718673706,-0.045402660965919495,0.976912260055542,1.0000001192092896,0.2058858871459961,0.3197021484375,0.1628795564174652,0.16495756804943085,0.008178362622857094,0.10305621474981308,0.3378673195838928,0.0745297446846962,0.04796912148594856,0.038983337581157684,0.3162928819656372,0.32063204050064087,1,0.10897986616004303,1,0.4031454884140571,0.25643456203218634,-0.07066769858382901,0.4239328691083177,30.86400345197738,0.5087924331426621,0.41790971159935,0.5233328074216843,0.5041079819202423,352.1978759765625,246.4431381225586,382.4843215942383,240.5002498626709,316.3693618774414,245.6319808959961,288.10293197631836,245.94635009765625,478,0.5145403742790222,0.5861982703208923,1,-2.660945177078247,0.7351443895724329,0.4711159421082979,0.427247034242238,0.2408191138223764,-0.09182281372593565,0.26248325411744206,28.268177999414675,3.685041904449463,0.92,2.359175443649292,-3.0169451236724854,-42.63930892944336,-12.049748420715332
0.8682323098182678,-0.16581645607948303,-0.46762970089912415,0.15901729464530945,0.9857811331748962,-0.05430524796247482,0.4699852168560028,-0.027211643755435944,0.8822547197341919,0.9999998211860657,0.029635552316904068,0.2168148159980774,0.16297860443592072,0.1584845334291458,0.0013017397141084075,0.19368106126785278,0.7420064806938171,0.07668066769838333,0.049383893609046936,0.04026782512664795,0.22824867069721222,0.3659917712211609,1,0.11464961138712215,1,0.41735174621694565,0.2641453660907368,-0.06356614257758902,0.5236880252327594,35.406475761509256,0.5335553884506226,0.4118043422698975,0.49120962619781494,0.4938447713851929,331.1112976074219,236.9719648361206,365.1266860961914,227.14486598968506,291.05350494384766,246.7331314086914,267.18963623046875,249.83222007751465,478,0.4576542377471924,0.5820404291152954,1,-1.7666305303573608,0.9672508212196459,0.42739197698354525,0.4987740466982632,0.27446930943544234,-0.1429156160710829,0.23734590236914577,24.0642594025817,10.378728866577148,0.7,1.2867193222045898,-2.524376392364502,-38.181373596191406,-28.033334732055664
0.958185076713562,-0.27006837725639343,-0.09457525610923767,0.258151650428772,0.95843905210495,-0.12145895510911942,0.12344687432050705,0.09196541458368301,0.988080620765686,0.9999997019767761,0.05701110139489174,0.25689902901649475,0.03347179293632507,0.19751688838005066,3.840293356915936e-05,0.4852120578289032,0.9644681811332703,0.022836780175566673,0.2002294957637787,0.039205778390169144,0.6662180423736572,0.38518527150154114,1,0.12869705005935478,1,0.27082489498867407,0.2772243440736885,-0.034296954419937346,0.6060190565193218,29.968747979125588,0.49390874803066254,0.4017103910446167,0.5299462527036667,0.5217189788818359,358.40972900390625,246.21010780334473,386.6263198852539,236.11308574676514,313.32225799560547,263.1390380859375,284.60941314697266,268.95655632019043,478,0.5360375046730042,0.6200085878372192,1,5.317473411560059,0.6065618406383452,0.265716997531409,0.5614628291208267,0.2296403022349049,-0.09687338017705913,0.3494220450222119,29.296262180799065,15.078453063964844,0.7,2.198795795440674,-3.4190375804901123,-39.95365524291992,-7.091073036193848
0.8332244753837585,-0.11970692873001099,-0.539821445941925,0.1668846756219864,0.9852001070976257,0.03911871835589409,0.5271494388580322,-0.1226825937628746,0.8408700823783875,0.9999999403953552,0.18091684579849243,0.5107721090316772,0.01421528123319149,0.13384805619716644,0.00032512733014300466,0.18027636408805847,0.9226014614105225,0.07999072223901749,0.31571465730667114,0.05768878757953644,0.29119598865509033,0.17313803732395172,1,0.1113865683663813,1,0.3332414217415736,0.23049203541108645,-0.11023029427230055,0.20024360545399048,31.784575860181462,0.5413629472255707,0.4100247919559479,0.4987549841403961,0.5149047672748566,334.8948669433594,249.349365234375,365.27427673339844,240.00320434570312,295.2569007873535,258.44593048095703,275.65128326416016,259.58553314208984,478,0.45739203691482544,0.6048799753189087,1,-8.300861358642578,0.7456721797999515,0.47005183474258755,0.4577063963283064,0.23385528313340026,-0.23679365210453907,-0.28680270366928684,19.638710057696887,11.325784683227539,0.7,1.572113275527954,-3.52317214012146,-41.29794692993164,-31.813053131103516
0.9542490839958191,-0.17024917900562286,-0.2458125799894333,0.21879848837852478,0.9578884243965149,0.18594883382320404,0.2038033902645111,-0.2312249094247818,0.9513144493103027,1.0,0.10519841313362122,0.6046556234359741,0.12224115431308746,0.39874663949012756,0.0001479706261307001,0.206032395362854,0.9157637357711792,0.040678054094314575,0.07210459560155869,0.011259462684392929,0.26390865445137024,0.15786811709403992,1,0.13259815930751848,1,0.33712207163412355,0.2348572557132656,-0.0716227918140711,0.46015942576602653,35.507119273326836,0.5186150461435318,0.4350269079208374,0.5212877184152603,0.4874487161636353,353.19034576416016,232.6144552230835,386.98883056640625,221.73245429992676,307.77469635009766,246.53034210205078,278.4202003479004,251.84812545776367,478,0.5026726722717285,0.5524218082427979,1,-13.661303520202637,0.7054159093338267,0.46750565152987494,0.5160053163242173,0.16471999311164137,-0.15393561085696614,-0.0828062928870138,29.83228545420174,12.91404914855957,0.7,1.9994994401931763,-2.698979139328003,-39.2819938659668,-11.759459495544434
0.9034806489944458,-0.09499601274728775,-0.41796958446502686,0.1881399005651474,0.9640647768974304,0.18756961822509766,0.3851313889026642,-0.24810224771499634,0.8888863921165466,1.0000005960464478,0.12865252792835236,0.5709662437438965,0.0053114877082407475,0.23446959257125854,7.664967415621504e-05,0.10604988783597946,0.9659314155578613,0.12500175833702087,0.4465114176273346,0.03935370594263077,0.4742460250854492,0.11962971836328506,1,0.1294309986155711,1,0.3075964306604107,0.21451314430871782,-0.11575641020815232,0.2625637847353113,33.854313428386654,0.527244707942009,0.4106731951236725,0.5126147776842117,0.5061206161975861,347.36888885498047,243.82086753845215,379.4562530517578,233.0266284942627,300.9611129760742,256.8658447265625,277.04235076904297,259.90485191345215,478,0.48537006974220276,0.5954474210739136,1,-15.595257759094238,0.6537959704179939,0.4535345921910881,0.4885363677467244,0.18342405798918654,-0.22828027330415812,-0.2155207306817225,24.11105037626307,11.763107299804688,0.5,1.9639533758163452,-3.856773853302002,-39.44377517700195,-22.65189552307129
0.8489744663238525,-0.10153128951787949,-0.5185882449150085,0.2716727554798126,0.9256046414375305,0.2635335326194763,0.45325079560279846,-0.36461952328681946,0.813398003578186,1.0000001192092896,0.5106513500213623,0.6799218654632568,0.0002538851404096931,0.0021654239390045404,4.284448004909791e-05,0.0005748173571191728,0.9972065687179565,0.9746263027191162,0.8454656600952148,0.6376535892486572,0.011868019588291645,0.02056901343166828,1,0.13038257092903932,1,0.17204112819991726,0.1957659450894428,-0.41082863989512947,-1.0,29.158289253509647,0.5305752098560333,0.42888444662094116,0.5108197569847107,0.4940999746322632,347.1685791015625,243.39426040649414,375.19229888916016,235.33963680267334,305.20870208740234,257.235803604126,285.78216552734375,261.544132232666,478,0.48024454712867737,0.565215528011322,1,-24.14512062072754,0.6229971069096436,0.49718148266342577,0.20014775941844803,0.2049679698685473,-0.6012935798004759,-1.0,19.898543120806305,17.744728088378906,0.5,2.6439197063446045,-4.006287097930908,-45.466556549072266,-26.952442169189453
0.9617685079574585,-0.17790250480175018,-0.20821167528629303,0.20224128663539886,0.9740133881568909,0.10196287930011749,0.18466147780418396,-0.14017368853092194,0.9727545976638794,1.0,0.1274525374174118,0.31603434681892395,0.05505810305476189,0.058292657136917114,0.004819341469556093,0.1417006552219391,0.3944227993488312,0.05356913432478905,0.17530785501003265,0.17201457917690277,0.2087409496307373,0.3470394015312195,1,0.11353335796024366,1,0.42821201822315746,0.23727611482541827,-0.10722202809760344,0.22089982279563686,31.2389632457248,0.507365933060646,0.4265604704618454,0.5222967773675918,0.4925213545560837,353.47118377685547,236.3957691192627,383.4661865234375,227.66807556152344,313.6716079711914,245.98085403442383,287.38744735717773,250.19024848937988,478,0.5149308443069458,0.5659608840942383,1,-8.199861526489258,0.8692817646059983,0.4188305570724796,0.4601925465228591,0.22624057753869245,-0.1411729761116347,0.18390055695870577,26.619092789085066,11.875177383422852,0.5,2.4845104217529297,-2.78025484085083,-43.167423248291016,-10.641395568847656
0.943477988243103,-0.08913397789001465,-0.3192247450351715,0.14391018450260162,0.9777994155883789,0.15230952203273773,0.29856178164482117,-0.18964038789272308,0.9353594779968262,1.0000003576278687,0.00573662668466568,0.202540785074234,0.9307924509048462,0.9763036966323853,0.00014813352026976645,0.8604846596717834,0.9244456887245178,0.0018195465672761202,0.0014998891856521368,0.0001241872232640162,0.6067612767219543,0.49144458770751953,1,0.12082720895769739,1,0.3479227852348286,0.2367766954970196,0.16272373145969188,1.482318038634891,33.706625665443546,0.5287027150392533,0.43887689113616946,0.5337132602930069,0.5025375127792359,356.8141555786133,232.70803928375244,389.51438903808594,224.53299522399902,313.2661819458008,244.5454216003418,285.66783905029297,249.46271896362305,478,0.5050105452537537,0.5636606216430664,1,-11.461134910583496,1.1451839365777552,0.6263223315198584,0.6431577938288625,0.15006912283341484,0.11807281568589352,1.9718378992543932,28.032986711961772,8.672569274902344,0.3,2.5004193782806396,-2.7017340660095215,-40.29001998901367,-17.371238708496094
0.9705972671508789,-0.10505826026201248,-0.21657276153564453,0.15272021293640137,0.9642194509506226,0.21669673919677734,0.18605788052082062,-0.24340027570724487,0.9519131779670715,1.0000004768371582,0.0677550807595253,0.18240952491760254,0.025639308616518974,0.12961475551128387,0.00014854258915875107,0.03659864887595177,0.9612432718276978,0.32086455821990967,0.24373343586921692,0.08383543789386749,0.17290107905864716,0.08289790898561478,1,0.12809310624935957,1,0.3290792148997618,0.2384917392821648,-0.08385036195242651,0.288772321907088,32.54244554760851,0.516598242521286,0.43710487782955165,0.5287455499172211,0.5009670823812484,358.0718231201172,240.33339500427246,389.6918487548828,232.64023303985596,314.62121963500977,250.64420700073242,288.0049514770508,254.48939323425293,478,0.5121473073959351,0.5638622045516968,1,-14.342981338500977,0.6679007076217829,0.430988317579716,0.4080679977649281,0.2786051335048268,-0.1706568259825321,0.14153232364987012,26.892586113660066,8.941983222961426,0.3,2.487471580505371,-3.4788241386413574,-43.35383224487305,-10.722814559936523
0.9414841532707214,-0.13210953772068024,-0.310088187456131,0.18593640625476837,0.9709062576293945,0.1508931815624237,0.2811321020126343,-0.19972017407417297,0.9386566877365112,0.9999999403953552,0.06341037154197693,0.2851828932762146,0.1236613392829895,0.09837335348129272,0.000955655996222049,0.4068968892097473,0.718598484992981,0.02286387048661709,0.10071101784706116,0.13143537938594818,0.21124877035617828,0.4556064009666443,1,0.11241690997874762,1,0.39308877742331566,0.26353626744821074,-0.06632791623490643,0.4760166298870414,30.3821331703192,0.5199297338724136,0.42750637233257294,0.5137226849794387,0.5066219419240952,346.846923828125,243.06544303894043,376.1903762817383,235.18916130065918,306.52225494384766,251.8329906463623,281.90343856811523,255.34601211547852,478,0.49379295110702515,0.5791155695915222,1,-12.01182746887207,0.748036334700524,0.3965316444334347,0.49194658854049766,0.24121216508562088,-0.14463662602102678,0.22398843490957407,24.868201375134444,11.17174243927002,0.3,1.9262951612472534,-3.6264097690582275,-44.020713806152344,-16.327783584594727
0.9659028649330139,-0.18707790970802307,-0.17897909879684448,0.2248734086751938,0.9487954378128052,0.22185389697551727,0.12831057608127594,-0.2545369565486908,0.958513081073761,1.0000001192092896,0.11249001324176788,0.4194393754005432,0.0035110379103571177,0.14833609759807587,2.9935617931187153e-06,0.06300190836191177,0.9989920258522034,0.4011441171169281,0.6092782616615295,0.0947583019733429,0.05763036385178566,0.0982278361916542,1,0.12838893327643996,1,0.08109033768530578,0.2621285192850656,-0.21642946507048505,-0.07742325690032965,24.88093960171895,0.5109654724597931,0.44268718957901,0.5324382245540619,0.4811470866203308,359.2192840576172,229.88595485687256,383.70540618896484,225.47109603881836,314.33887481689453,243.66311073303223,292.01404571533203,248.5429573059082,478,0.5214727520942688,0.5384598970413208,1,-14.871878623962402,0.5917952240159335,0.41207531618966514,0.46291792081520217,0.14899704636772138,-0.2282470848947496,-0.4542371861868175,22.851934207731414,13.105669975280762,0.3,2.7007031440734863,-2.7679922580718994,-45.240570068359375,-7.37197732925415
0.971710205078125,-0.18948477506637573,-0.1409776210784912,0.21377348899841309,0.9594079256057739,0.1839490383863449,0.10039950162172318,-0.2088824361562729,0.9727733135223389,0.9999999403953552,0.010080153122544289,0.002089513698592782,0.9955678582191467,0.9871581196784973,0.05699925497174263,0.833330512046814,0.25301820039749146,0.000693863199558109,0.00014557912072632462,0.0003368320467416197,0.23283040523529053,0.11137211322784424,1,0.0918866617850305,1,0.33590956123410426,0.2197851735163992,1.1697528613442727,2.0,29.291252993546983,0.5402809679508209,0.5383729219436646,0.5537841022014618,0.5773908972740174,359.0343475341797,242.12499618530273,387.9676818847656,237.5599479675293,316.1683654785156,251.3628101348877,292.66307830810547,256.4149475097656,478,0.5135031342506409,0.5390179753303528,1,-12.119026184082031,0.9637920748194293,0.4390396710374286,1.113455875520691,0.16605219229480125,1.2897214668516912,2.0,24.042100928707768,12.407262802124023,0.3,2.8202850818634033,-3.1543121337890625,-49.05595397949219,-5.762175559997559
0.9879323244094849,-0.12527014315128326,-0.09108802676200867,0.1390911489725113,0.9762795567512512,0.16592703759670258,0.06814167648553848,-0.17659421265125275,0.9819222092628479,1.0000003576278687,0.003982126712799072,0.17400576174259186,0.9992091059684753,0.8500725626945496,0.010733543895184994,0.9957898259162903,0.7375198006629944,2.0298302843002602e-06,5.424458322522696e-06,0.003467487171292305,0.4831482470035553,0.2885925769805908,1,0.08907423414476345,1,0.3713433666174565,0.1785699586807467,0.4025678821395135,2.0,31.13466287142928,0.5210008412599564,0.4701175391674042,0.5461038142442703,0.5147298872470856,360.12012481689453,237.10940837860107,391.08360290527344,233.84900093078613,317.4704360961914,242.44176864624023,290.33788681030273,247.22147941589355,478,0.525102972984314,0.5446123480796814,1,-10.195393562316895,1.0858483633901286,0.7875480387293519,1.2133749238899045,0.1987168372960194,0.14138542352602204,1.6689117562893494,27.550333316455873,8.014007568359375,0.3,2.510138750076294,-2.5118634700775146,-44.387413024902344,-3.9072582721710205
0.9738969802856445,-0.11275815218687057,-0.19700294733047485,0.12308625876903534,0.9915505647659302,0.0409533716738224,0.1907205730676651,-0.0641327053308487,0.9795472025871277,1.0,0.18141525983810425,0.1473046839237213,0.7586321234703064,0.7469834089279175,0.013319291174411774,0.2107759267091751,0.2411676049232483,0.025127148255705833,0.002561100060120225,0.003174648154526949,0.2884214222431183,0.3632555902004242,1,0.10349965511737295,1,0.5083933171004066,0.2217367883190694,0.014365250207846006,0.755093088661054,30.241715385287602,0.5133551508188248,0.4375138789415359,0.5156839042901993,0.5014949351549148,348.49971771240234,239.11052227020264,378.2608413696289,233.7405252456665,310.65277099609375,243.75271797180176,284.7532272338867,246.40182495117188,478,0.5023287534713745,0.5639810562133789,1,-3.74591064453125,0.928313101865646,0.726015440519675,0.4908457187029627,0.2614787970221504,-0.02666555970561962,0.6541936031561437,26.03467178457785,7.203153133392334,0.3,1.8445004224777222,-2.423698663711548,-44.0499382019043,-10.99483871459961
0.9416221380233765,-0.07114240527153015,-0.3290690779685974,0.1440281718969345,0.968584418296814,0.20273162424564362,0.30430835485458374,-0.23829180002212524,0.922287106513977,1.0000005960464478,0.47799599170684814,0.17574754357337952,0.6916647553443909,0.40674471855163574,0.0054855081252753735,0.25109294056892395,0.376426100730896,0.025420624762773514,0.005810834467411041,0.030889183282852173,0.20381389558315277,0.4377356469631195,1,0.10228252183490719,1,0.45536142660443174,0.1710777145776023,-0.04401661537623331,0.49783969417060475,31.50511182079241,0.5199344396591187,0.4371971219778061,0.5139747500419617,0.4928538531064987,344.7205352783203,236.93029403686523,376.00940704345703,233.24538230895996,310.5221939086914,240.55749893188477,284.55204010009766,242.80531883239746,478,0.494040310382843,0.5556567311286926,1,-14.486729621887207,0.9511172759664372,0.3409913454992271,0.46411136979434414,0.2561158027724977,-0.09577061936674511,0.38198672259048844,26.067251163083764,8.696416854858398,0.3,2.091416358947754,-2.8620729446411133,-42.714622497558594,-17.716556549072266
