interface,list,pattern,zones,guard,selections_mean,seconds_mean,coverage,wrong_message_rate,abandoned_rate,seconds_per_correct_message,seconds_per_correct_if_sayable,correct_messages_per_minute,wolpaw_bits_per_selection,wrong_message_rate_ci,seconds_mean_ci
grid9_fixed,fixed,direct,9,none,1.59,1.27,1.0,0.7725,0.0,5.58,5.58,10.746,0.079,"[0.767, 0.778]","[1.259, 1.281]"
row3_scene,scene,direct,3,none,6.37,5.09,1.0,0.4692,0.0,9.59,9.59,6.253,0.119,"[0.462, 0.476]","[5.034, 5.154]"
row3_fixed,fixed,direct,3,none,4.47,3.57,1.0,0.668,0.0,10.76,10.76,5.574,0.0,"[0.661, 0.674]","[3.53, 3.617]"
row3_fixed16_double,fixed,direct,3,double,7.34,5.87,0.5277,0.0619,0.0,11.85,6.26,5.062,1.188,"[0.057, 0.067]","[5.789, 5.95]"
row3_scene_confirm,scene,direct,3,confirm,12.41,9.93,1.0,0.238,0.0034,13.03,13.03,4.605,0.555,"[0.232, 0.244]","[9.788, 10.061]"
row3_scene_double,scene,direct,3,double,14.66,11.72,1.0,0.1111,0.0165,13.19,13.19,4.549,0.971,"[0.107, 0.115]","[11.54, 11.912]"
look_to_speak_16,fixed,halving,2,none,4.12,3.3,0.5375,0.6422,0.0,17.15,9.22,3.5,0.059,"[0.633, 0.651]","[3.292, 3.303]"
row3_fixed_double,fixed,direct,3,double,17.93,14.34,1.0,0.1832,0.0209,17.56,17.56,3.417,0.715,"[0.178, 0.189]","[14.143, 14.546]"
scan3_scene_double,scene,scan,3,double,2.89,19.05,1.0,0.0188,0.0,19.42,19.42,3.09,1.431,"[0.017, 0.021]","[18.776, 19.337]"
scan3_scene,scene,scan,3,none,1.03,17.66,1.0,0.1605,0.0,21.03,21.03,2.853,0.789,"[0.155, 0.166]","[17.377, 17.945]"
scan3_fixed_double,fixed,scan,3,double,2.87,20.84,1.0,0.0179,0.0,21.21,21.21,2.828,1.438,"[0.016, 0.02]","[20.594, 21.097]"
look_to_speak_16_confirm,fixed,halving,2,confirm,12.24,9.79,0.5347,0.347,0.0003,28.04,14.99,2.14,0.069,"[0.338, 0.356]","[9.647, 9.928]"
scan2_scene_double,scene,scan,2,double,3.18,28.38,1.0,0.0794,0.0,30.83,30.83,1.946,0.6,"[0.076, 0.083]","[27.953, 28.833]"
look_to_speak,fixed,halving,2,none,7.23,5.78,1.0,0.8354,0.0,35.13,35.13,1.708,0.355,"[0.83, 0.84]","[5.778, 5.789]"
look_to_speak_confirm,fixed,halving,2,confirm,25.83,20.67,1.0,0.5885,0.0225,50.21,50.21,1.195,0.023,"[0.581, 0.595]","[20.446, 20.887]"
