knob,value,interface,list,pattern,zones,guard,selections_mean,seconds_mean,coverage,wrong_message_rate,abandoned_rate,seconds_per_correct_message,seconds_per_correct_if_sayable,correct_messages_per_minute,wolpaw_bits_per_selection,wrong_message_rate_ci,seconds_mean_ci
accuracy_3zones,0.6,row3_fixed16_double,fixed,direct,3,double,10.42,8.34,0.544,0.4858,0.0,29.81,16.21,2.013,0.1,,
accuracy_3zones,0.6,row3_fixed,fixed,direct,3,none,2.32,1.86,1.0,0.8622,0.0,13.47,13.47,4.455,0.144,,
accuracy_3zones,0.6,row3_fixed_double,fixed,direct,3,double,13.81,11.05,1.0,0.7215,0.0037,39.68,39.68,1.512,0.01,,
accuracy_3zones,0.6,row3_scene,scene,direct,3,none,5.09,4.07,1.0,0.7358,0.0,15.42,15.42,3.892,0.016,,
accuracy_3zones,0.6,row3_scene_confirm,scene,direct,3,confirm,12.59,10.07,1.0,0.5175,0.0008,20.88,20.88,2.874,0.068,,
accuracy_3zones,0.6,row3_scene_double,scene,direct,3,double,14.12,11.3,1.0,0.5205,0.003,23.56,23.56,2.547,0.066,,
accuracy_3zones,0.6,scan3_scene,scene,scan,3,none,1.02,17.64,1.0,0.389,0.0,28.87,28.87,2.078,0.232,,
accuracy_3zones,0.6,scan3_scene_double,scene,scan,3,double,4.7,20.89,1.0,0.182,0.0,25.53,25.53,2.35,0.719,,
accuracy_3zones,0.6,scan3_fixed_double,fixed,scan,3,double,4.62,22.19,1.0,0.1755,0.0,26.92,26.92,2.229,0.739,,
accuracy_3zones,0.65,row3_fixed16_double,fixed,direct,3,double,10.37,8.29,0.5355,0.3903,0.0005,25.4,13.6,2.362,0.23,,
accuracy_3zones,0.65,row3_fixed,fixed,direct,3,none,2.58,2.07,1.0,0.8522,0.0,13.99,13.99,4.288,0.129,,
accuracy_3zones,0.65,row3_fixed_double,fixed,direct,3,double,15.35,12.28,1.0,0.6255,0.0083,32.79,32.79,1.83,0.005,,
accuracy_3zones,0.65,row3_scene,scene,direct,3,none,5.39,4.31,1.0,0.6897,0.0,13.9,13.9,4.316,0.002,,
accuracy_3zones,0.65,row3_scene_confirm,scene,direct,3,confirm,12.63,10.1,1.0,0.4642,0.0022,18.85,18.85,3.182,0.124,,
accuracy_3zones,0.65,row3_scene_double,scene,direct,3,double,14.49,11.59,1.0,0.4435,0.0053,20.82,20.82,2.881,0.151,,
accuracy_3zones,0.65,scan3_scene,scene,scan,3,none,1.04,17.01,1.0,0.3543,0.0,26.34,26.34,2.278,0.293,,
accuracy_3zones,0.65,scan3_scene_double,scene,scan,3,double,4.23,20.16,1.0,0.1158,0.0,22.79,22.79,2.632,0.952,,
accuracy_3zones,0.65,scan3_fixed_double,fixed,scan,3,double,4.22,22.52,1.0,0.119,0.0,25.56,25.56,2.347,0.939,,
accuracy_3zones,0.7,row3_fixed16_double,fixed,direct,3,double,9.65,7.72,0.5405,0.2562,0.0,19.21,10.38,3.124,0.508,,
accuracy_3zones,0.7,row3_fixed,fixed,direct,3,none,2.95,2.36,1.0,0.8087,0.0,12.35,12.35,4.86,0.072,,
accuracy_3zones,0.7,row3_fixed_double,fixed,direct,3,double,16.08,12.87,1.0,0.5092,0.0127,26.22,26.22,2.289,0.076,,
accuracy_3zones,0.7,row3_scene,scene,direct,3,none,5.55,4.44,1.0,0.647,0.0,12.59,12.59,4.767,0.001,,
accuracy_3zones,0.7,row3_scene_confirm,scene,direct,3,confirm,12.51,10.01,1.0,0.416,0.002,17.14,17.14,3.501,0.189,,
accuracy_3zones,0.7,row3_scene_double,scene,direct,3,double,15.17,12.13,1.0,0.3493,0.0103,18.64,18.64,3.218,0.302,,
accuracy_3zones,0.7,scan3_scene,scene,scan,3,none,1.03,17.81,1.0,0.3,0.0,25.45,25.45,2.358,0.404,,
accuracy_3zones,0.7,scan3_scene_double,scene,scan,3,double,3.82,20.15,1.0,0.0855,0.0,22.03,22.03,2.724,1.078,,
accuracy_3zones,0.7,scan3_fixed_double,fixed,scan,3,double,3.9,22.04,1.0,0.0945,0.0,24.34,24.34,2.465,1.039,,
accuracy_3zones,0.75,row3_fixed16_double,fixed,direct,3,double,8.89,7.11,0.522,0.1719,0.0,16.45,8.59,3.648,0.751,,
accuracy_3zones,0.75,row3_fixed,fixed,direct,3,none,3.45,2.76,1.0,0.7788,0.0,12.47,12.47,4.81,0.044,,
accuracy_3zones,0.75,row3_fixed_double,fixed,direct,3,double,17.72,14.17,1.0,0.4032,0.0177,23.75,23.75,2.526,0.209,,
accuracy_3zones,0.75,row3_scene,scene,direct,3,none,5.83,4.66,1.0,0.6068,0.0,11.85,11.85,5.062,0.011,,
accuracy_3zones,0.75,row3_scene_confirm,scene,direct,3,confirm,12.52,10.02,1.0,0.3675,0.0022,15.84,15.84,3.788,0.269,,
accuracy_3zones,0.75,row3_scene_double,scene,direct,3,double,15.36,12.29,1.0,0.248,0.0147,16.34,16.34,3.672,0.529,,
accuracy_3zones,0.75,scan3_scene,scene,scan,3,none,1.04,16.96,1.0,0.2497,0.0,22.61,22.61,2.654,0.524,,
accuracy_3zones,0.75,scan3_scene_double,scene,scan,3,double,3.43,19.14,1.0,0.0527,0.0,20.21,20.21,2.969,1.234,,
accuracy_3zones,0.75,scan3_fixed_double,fixed,scan,3,double,3.47,21.11,1.0,0.0578,0.0,22.41,22.41,2.678,1.209,,
accuracy_3zones,0.8,row3_fixed16_double,fixed,direct,3,double,8.09,6.47,0.5292,0.094,0.0,13.49,7.14,4.448,1.041,,
accuracy_3zones,0.8,row3_fixed,fixed,direct,3,none,3.92,3.14,1.0,0.7095,0.0,10.8,10.8,5.553,0.006,,
accuracy_3zones,0.8,row3_fixed_double,fixed,direct,3,double,17.86,14.29,1.0,0.272,0.0208,19.62,19.62,3.058,0.469,,
accuracy_3zones,0.8,row3_scene,scene,direct,3,none,6.0,4.8,1.0,0.5162,0.0,9.93,9.93,6.043,0.069,,
accuracy_3zones,0.8,row3_scene_confirm,scene,direct,3,confirm,12.64,10.11,1.0,0.3063,0.0035,14.57,14.57,4.118,0.39,,
accuracy_3zones,0.8,row3_scene_double,scene,direct,3,double,14.93,11.95,1.0,0.1705,0.0182,14.4,14.4,4.166,0.756,,
accuracy_3zones,0.8,scan3_scene,scene,scan,3,none,1.04,17.1,1.0,0.2052,0.0,21.51,21.51,2.789,0.647,,
accuracy_3zones,0.8,scan3_scene_double,scene,scan,3,double,3.12,19.23,1.0,0.0297,0.0,19.82,19.82,3.028,1.362,,
accuracy_3zones,0.8,scan3_fixed_double,fixed,scan,3,double,3.1,21.81,1.0,0.0245,0.0,22.35,22.35,2.684,1.394,,
accuracy_3zones,0.85,row3_fixed16_double,fixed,direct,3,double,7.11,5.69,0.5262,0.0542,0.0,11.42,6.01,5.252,1.227,,
accuracy_3zones,0.85,row3_fixed,fixed,direct,3,none,4.81,3.85,1.0,0.6558,0.0,11.18,11.18,5.365,0.0,,
accuracy_3zones,0.85,row3_fixed_double,fixed,direct,3,double,17.87,14.29,1.0,0.1608,0.0195,17.03,17.03,3.523,0.788,,
accuracy_3zones,0.85,row3_scene,scene,direct,3,none,6.48,5.19,1.0,0.445,0.0,9.35,9.35,6.42,0.149,,
accuracy_3zones,0.85,row3_scene_confirm,scene,direct,3,confirm,12.41,9.92,1.0,0.2338,0.0022,12.95,12.95,4.633,0.567,,
accuracy_3zones,0.85,row3_scene_double,scene,direct,3,double,14.9,11.92,1.0,0.1005,0.018,13.25,13.25,4.529,1.014,,
accuracy_3zones,0.85,scan3_scene,scene,scan,3,none,1.03,17.72,1.0,0.1485,0.0,20.81,20.81,2.883,0.83,,
accuracy_3zones,0.85,scan3_scene_double,scene,scan,3,double,2.86,19.62,1.0,0.0177,0.0,19.98,19.98,3.003,1.439,,
accuracy_3zones,0.85,scan3_fixed_double,fixed,scan,3,double,2.8,20.39,1.0,0.0152,0.0,20.7,20.7,2.898,1.456,,
accuracy_3zones,0.9,row3_fixed16_double,fixed,direct,3,double,6.29,5.03,0.5222,0.0201,0.0,9.83,5.13,6.106,1.423,,
accuracy_3zones,0.9,row3_fixed,fixed,direct,3,none,5.97,4.78,1.0,0.5415,0.0,10.42,10.42,5.759,0.048,,
accuracy_3zones,0.9,row3_fixed_double,fixed,direct,3,double,16.26,13.01,1.0,0.0658,0.012,13.92,13.92,4.31,1.169,,
accuracy_3zones,0.9,row3_scene,scene,direct,3,none,7.12,5.7,1.0,0.3643,0.0,8.96,8.96,6.697,0.275,,
accuracy_3zones,0.9,row3_scene_confirm,scene,direct,3,confirm,12.29,9.83,1.0,0.149,0.003,11.56,11.56,5.193,0.829,,
accuracy_3zones,0.9,row3_scene_double,scene,direct,3,double,13.98,11.18,1.0,0.0452,0.0132,11.71,11.71,5.122,1.274,,
accuracy_3zones,0.9,scan3_scene,scene,scan,3,none,1.03,17.26,1.0,0.0973,0.0,19.12,19.12,3.138,1.027,,
accuracy_3zones,0.9,scan3_scene_double,scene,scan,3,double,2.52,18.36,1.0,0.0037,0.0,18.43,18.43,3.256,1.546,,
accuracy_3zones,0.9,scan3_fixed_double,fixed,scan,3,double,2.54,20.76,1.0,0.0045,0.0,20.86,20.86,2.877,1.539,,
accuracy_3zones,0.95,row3_fixed16_double,fixed,direct,3,double,5.71,4.57,0.5323,0.0042,0.0,8.61,4.58,6.965,1.541,,
accuracy_3zones,0.95,row3_fixed,fixed,direct,3,none,7.62,6.1,1.0,0.347,0.0,9.34,9.34,6.426,0.307,,
accuracy_3zones,0.95,row3_fixed_double,fixed,direct,3,double,14.58,11.67,1.0,0.014,0.0025,11.83,11.83,5.071,1.465,,
accuracy_3zones,0.95,row3_scene,scene,direct,3,none,8.25,6.6,1.0,0.2325,0.0,8.6,8.6,6.98,0.57,,
accuracy_3zones,0.95,row3_scene_confirm,scene,direct,3,confirm,12.19,9.75,1.0,0.0755,0.0013,10.55,10.55,5.688,1.123,,
accuracy_3zones,0.95,row3_scene_double,scene,direct,3,double,12.16,9.72,1.0,0.0085,0.0015,9.81,9.81,6.117,1.506,,
accuracy_3zones,0.95,scan3_scene,scene,scan,3,none,1.04,18.02,1.0,0.0535,0.0,19.04,19.04,3.151,1.23,,
accuracy_3zones,0.95,scan3_scene_double,scene,scan,3,double,2.29,19.39,1.0,0.0022,0.0,19.43,19.43,3.088,1.56,,
accuracy_3zones,0.95,scan3_fixed_double,fixed,scan,3,double,2.28,20.41,1.0,0.0022,0.0,20.46,20.46,2.933,1.56,,
zones_per_screen,2.0,direct2_scene,scene,direct,2,none,9.73,7.79,1.0,0.6885,0.0,25.0,25.0,2.4,0.105,,
zones_per_screen,2.0,scan2_scene_double,scene,scan,2,double,3.21,29.29,1.0,0.079,0.0,31.8,31.8,1.887,0.601,,
zones_per_screen,3.0,direct3_scene,scene,direct,3,none,6.47,5.18,1.0,0.4665,0.0,9.7,9.7,6.185,0.122,,
zones_per_screen,3.0,scan3_scene_double,scene,scan,3,double,2.92,19.32,1.0,0.0185,0.0,19.68,19.68,3.049,1.434,,
zones_per_screen,4.0,direct4_scene,scene,direct,4,none,3.78,3.03,1.0,0.7268,0.0,11.08,11.08,5.416,0.002,,
zones_per_screen,4.0,scan4_scene_double,scene,scan,4,double,5.93,17.46,1.0,0.22,0.0,22.39,22.39,2.68,0.891,,
zones_per_screen,9.0,direct9_scene,scene,direct,9,none,2.44,1.95,1.0,0.6405,0.0,5.43,5.43,11.04,0.306,,
zones_per_screen,9.0,scan9_scene_double,scene,scan,9,double,7.58,12.11,1.0,0.1325,0.0,13.96,13.96,4.299,2.208,,
share_in_first_screen,0.1,row3_scene_double,scene,direct,3,double,13.79,11.03,1.0,0.099,0.0135,12.24,12.24,4.9,1.02,,
share_in_first_screen,0.1,scan3_scene_double,scene,scan,3,double,2.88,17.16,1.0,0.0158,0.0,17.43,17.43,3.442,1.452,,
share_in_first_screen,0.2,row3_scene_double,scene,direct,3,double,12.45,9.96,1.0,0.0905,0.013,10.95,10.95,5.478,1.056,,
share_in_first_screen,0.2,scan3_scene_double,scene,scan,3,double,2.94,15.94,1.0,0.0187,0.0,16.24,16.24,3.694,1.432,,
share_in_first_screen,0.3,row3_scene_double,scene,direct,3,double,11.03,8.82,1.0,0.0815,0.0107,9.6,9.6,6.248,1.096,,
share_in_first_screen,0.3,scan3_scene_double,scene,scan,3,double,2.9,14.05,1.0,0.0192,0.0,14.33,14.33,4.188,1.429,,
share_in_first_screen,0.4,row3_scene_double,scene,direct,3,double,10.33,8.26,1.0,0.07,0.0092,8.88,8.88,6.753,1.149,,
share_in_first_screen,0.4,scan3_scene_double,scene,scan,3,double,2.89,12.33,1.0,0.0195,0.0,12.58,12.58,4.77,1.427,,
share_in_first_screen,0.5,row3_scene_double,scene,direct,3,double,9.19,7.35,1.0,0.0633,0.0063,7.85,7.85,7.642,1.181,,
share_in_first_screen,0.5,scan3_scene_double,scene,scan,3,double,2.91,11.19,1.0,0.0168,0.0,11.38,11.38,5.271,1.445,,
share_in_first_screen,0.6,row3_scene_double,scene,direct,3,double,8.03,6.42,1.0,0.0578,0.0045,6.82,6.82,8.804,1.209,,
share_in_first_screen,0.6,scan3_scene_double,scene,scan,3,double,2.92,9.17,1.0,0.0205,0.0,9.36,9.36,6.411,1.42,,
share_in_first_screen,0.7,row3_scene_double,scene,direct,3,double,7.03,5.62,1.0,0.0512,0.0057,5.93,5.93,10.124,1.242,,
share_in_first_screen,0.7,scan3_scene_double,scene,scan,3,double,2.85,6.92,1.0,0.0145,0.0,7.02,7.02,8.545,1.461,,
share_in_first_screen,0.8,row3_scene_double,scene,direct,3,double,6.12,4.9,1.0,0.042,0.002,5.11,5.11,11.737,1.292,,
share_in_first_screen,0.8,scan3_scene_double,scene,scan,3,double,2.87,5.74,1.0,0.018,0.0,5.84,5.84,10.268,1.437,,
share_in_first_screen,0.9,row3_scene_double,scene,direct,3,double,5.11,4.09,1.0,0.0285,0.0025,4.21,4.21,14.25,1.37,,
share_in_first_screen,0.9,scan3_scene_double,scene,scan,3,double,2.87,4.07,1.0,0.0182,0.0,4.14,4.14,14.482,1.435,,
scan_seconds,2.0,scan3_scene,scene,scan,3,none,1.03,11.69,1.0,0.1603,0.0,13.92,13.92,4.311,0.79,,
scan_seconds,2.0,scan3_scene_double,scene,scan,3,double,2.92,13.32,1.0,0.0155,0.0,13.53,13.53,4.435,1.454,,
scan_seconds,3.0,scan3_scene,scene,scan,3,none,1.03,17.26,1.0,0.1693,0.0,20.78,20.78,2.887,0.76,,
scan_seconds,3.0,scan3_scene_double,scene,scan,3,double,2.89,19.01,1.0,0.0173,0.0,19.35,19.35,3.101,1.442,,
scan_seconds,4.0,scan3_scene,scene,scan,3,none,1.03,23.19,1.0,0.1603,0.0,27.62,27.62,2.172,0.79,,
scan_seconds,4.0,scan3_scene_double,scene,scan,3,double,2.88,24.6,1.0,0.021,0.0,25.13,25.13,2.388,1.417,,
scan_seconds,5.0,scan3_scene,scene,scan,3,none,1.03,29.29,1.0,0.166,0.0,35.12,35.12,1.708,0.77,,
scan_seconds,5.0,scan3_scene_double,scene,scan,3,double,2.89,30.82,1.0,0.0175,0.0,31.37,31.37,1.913,1.44,,
scan_seconds,7.0,scan3_scene,scene,scan,3,none,1.03,40.63,1.0,0.1685,0.0,48.87,48.87,1.228,0.762,,
scan_seconds,7.0,scan3_scene_double,scene,scan,3,double,2.89,41.37,1.0,0.0195,0.0,42.19,42.19,1.422,1.427,,
