grid,method,acc,ci_lo,ci_hi,worst,best,answered_frac,acc_laptop,acc_pc,disp_std,dwell_ms
1x2,single,0.7648604832893148,0.7289204542480798,0.7961194289777321,0.4358974358974359,1.0,0.9670449585333916,0.7553394179100533,0.7747782597260455,0.03,500
1x2,mean,0.7655363983828177,0.7288816751052002,0.7969925607299291,0.4358974358974359,1.0,0.9670449585333916,0.7578904932801827,0.7735008828647295,0.03,500
1x2,median,0.764925996476938,0.7285853487183299,0.7964389791012525,0.42735042735042733,1.0,0.9670449585333916,0.755676979740494,0.774560388910734,0.03,500
1x2,vote,0.7651844435410639,0.7280777412165148,0.7972941704409122,0.42735042735042733,1.0,0.9670449585333916,0.7566597264623712,0.7740643571647022,0.03,500
2x1,single,0.653420298013476,0.6021287936011519,0.6949287399963435,0.09090909090909091,0.9473684210526315,0.9670449585333916,0.5958548562157279,0.7133842998861306,0.03,500
2x1,mean,0.6534582034657248,0.6033932009444353,0.6952972439388609,0.09090909090909091,0.9473684210526315,0.9670449585333916,0.595401759350209,0.7139336660860539,0.03,500
2x1,median,0.6570030684767209,0.6059380188078244,0.6987714237920128,0.09090909090909091,0.9473684210526315,0.9670449585333916,0.6022809149119908,0.7140053117733146,0.03,500
2x1,vote,0.656841098926996,0.6049610357005182,0.6976897921969887,0.09090909090909091,0.9473684210526315,0.9670449585333916,0.6019634545945304,0.7140053117733146,0.03,500
1x3,single,0.8284752063318959,0.7731636142990723,0.8622842479558017,0.26495726495726496,0.987012987012987,0.9670449585333916,0.786421195248774,0.8722814678768147,0.03,500
1x3,mean,0.8269929193169028,0.7729343287174645,0.860801443131223,0.2564102564102564,0.9811320754716981,0.9670449585333916,0.7800716836052406,0.8758692065165512,0.03,500
1x3,median,0.830113885410871,0.7746973068383953,0.8634136854488962,0.24786324786324787,0.9811320754716981,0.9670449585333916,0.7857680877620785,0.8763074246283633,0.03,500
1x3,vote,0.8305805342082256,0.777549255106163,0.8639595518517199,0.24786324786324787,0.9811320754716981,0.9670449585333916,0.7866827194048936,0.8763074246283633,0.03,500
2x2,single,0.5219432397898622,0.4701256264843741,0.5704302008647737,0.06060606060606061,0.9473684210526315,0.9670449585333916,0.46950741004449215,0.5765638957746227,0.03,500
2x2,mean,0.5222276129854398,0.4705131312470203,0.5696879321939692,0.06060606060606061,0.9473684210526315,0.9670449585333916,0.4716596075019699,0.5749026186973878,0.03,500
2x2,median,0.5249538144957995,0.4721219705420476,0.5734270735134528,0.06060606060606061,0.9473684210526315,0.9670449585333916,0.47531480351860206,0.5766611175970469,0.03,500
2x2,vote,0.5252562462859593,0.4708965257945798,0.5738571424988552,0.06060606060606061,0.9473684210526315,0.9670449585333916,0.4757857165214843,0.5767880481239541,0.03,500
3x3,single,0.46782193389026816,0.41218151147272736,0.5278350136804978,0.03508771929824561,0.9204545454545454,0.9670449585333916,0.37223957744619923,0.5673868885195067,0.03,500
3x3,mean,0.4650893546887463,0.40853686381021975,0.5225318744212947,0.07017543859649122,0.9431818181818182,0.9670449585333916,0.36636577106600265,0.5679264209624377,0.03,500
3x3,median,0.4691164001219213,0.4135284252066694,0.5275139957055128,0.05263157894736842,0.9431818181818182,0.9670449585333916,0.3743896963636873,0.5677900498700816,0.03,500
3x3,vote,0.46876286835585995,0.41189783388248724,0.5268737610333241,0.05263157894736842,0.9431818181818182,0.9670449585333916,0.37437987599017725,0.5670784854034462,0.03,500
4x4,single,0.30148739012796133,0.26002602850773826,0.3452875647705636,0.0,0.7368421052631579,0.9670449585333916,0.24226262853452268,0.3631798501211265,0.03,500
4x4,mean,0.30420780595385055,0.26279421094299027,0.34697670718763857,0.0,0.6842105263157895,0.9670449585333916,0.24494612659499257,0.36593872195266103,0.03,500
4x4,median,0.3049494349590497,0.2623869213417738,0.348522796730814,0.0,0.7368421052631579,0.9670449585333916,0.24637579227091297,0.36596364609252546,0.03,500
4x4,vote,0.30355371650616625,0.2619066880449087,0.349245036675749,0.0,0.7368421052631579,0.9670449585333916,0.24420219023871895,0.36537822303475725,0.03,500
1x2,single,0.7325418590571269,0.6644069568695236,0.7790900513101277,0.0,1.0,0.9787408013082584,0.6956425833116039,0.7709786046253804,0.03,1000
1x2,mean,0.7405218042818666,0.6671734529010257,0.7854023951853284,0.0,1.0,0.9787408013082584,0.7011809006913755,0.7815019121886283,0.03,1000
1x2,median,0.7398375165956095,0.6673901155851111,0.7847782301181041,0.0,1.0,0.9787408013082584,0.7032788027892777,0.777919510143872,0.03,1000
1x2,vote,0.7397351345056498,0.6666145549016538,0.7853660574261954,0.0,1.0,0.9787408013082584,0.7032788027892777,0.7777104800435376,0.03,1000
2x1,single,0.6679290306601271,0.6059769314364369,0.7206886525987305,0.0,1.0,0.9787408013082584,0.6249031226459255,0.7127476848415871,0.03,1000
2x1,mean,0.6582722868031444,0.5889973259554028,0.7106940634707865,0.0,1.0,0.9787408013082584,0.6055877321540645,0.7131520312292693,0.03,1000
2x1,median,0.6703898342240951,0.60400635732705,0.7223431599624033,0.0,1.0,0.9787408013082584,0.6287586005014034,0.7137557026852323,0.03,1000
2x1,vote,0.6703898342240951,0.6067079137179894,0.7218231142300553,0.0,1.0,0.9787408013082584,0.6287586005014034,0.7137557026852323,0.03,1000
1x3,single,0.8994874839052528,0.8458878155537538,0.9327841635076943,0.3235294117647059,1.0,0.9787408013082584,0.8805938215892091,0.9191683821511315,0.03,1000
1x3,mean,0.8965453337294633,0.8387763152267557,0.9325423290498739,0.2647058823529412,1.0,0.9787408013082584,0.8788732559671815,0.9149537480651738,0.03,1000
1x3,median,0.8995196219210438,0.8450317982133404,0.935177206975004,0.2647058823529412,1.0,0.9787408013082584,0.881748315368134,0.9180313995803253,0.03,1000
1x3,vote,0.8982441117169623,0.8447720084610486,0.9349399214748318,0.2647058823529412,1.0,0.9787408013082584,0.881748315368134,0.9154272329136587,0.03,1000
2x2,single,0.48894297866261954,0.42362022709863467,0.5506091504150851,0.0,1.0,0.9787408013082584,0.431936358160912,0.5483248750185651,0.03,1000
2x2,mean,0.5038642947734365,0.4389857563622725,0.5644987575022977,0.0,1.0,0.9787408013082584,0.45266136813451047,0.5572006766889843,0.03,1000
2x2,median,0.49765973014761655,0.42898343878594486,0.5561692477998543,0.0,1.0,0.9787408013082584,0.4418215412946836,0.5558245102027551,0.03,1000
2x2,vote,0.49755734805765683,0.43245950610682915,0.5569609213628871,0.0,1.0,0.9787408013082584,0.4418215412946836,0.5556154801024207,0.03,1000
3x3,single,0.4965702856901676,0.4244856652888635,0.5700964851714413,0.0,1.0,0.9787408013082584,0.42613014503405106,0.5699454322069556,0.03,1000
3x3,mean,0.47684777498956055,0.4025334424469094,0.5502793851668699,0.0,1.0,0.9787408013082584,0.38191966376468595,0.5757312241821383,0.03,1000
3x3,median,0.4779060025098023,0.40327780906091115,0.5503192052503545,0.0,1.0,0.9787408013082584,0.38650744692024397,0.5731128312489255,0.03,1000
3x3,vote,0.4805067265939023,0.4065795010122568,0.5525090739007639,0.0,1.0,0.9787408013082584,0.38760486612508005,0.5772794979155922,0.03,1000
4x4,single,0.2677119728140236,0.21831400096878104,0.3228420260359966,0.0,0.7142857142857143,0.9787408013082584,0.1836391074091922,0.35528787427738967,0.03,1000
4x4,mean,0.27252495128291754,0.22085293705175207,0.3279442668255624,0.0,0.7142857142857143,0.9787408013082584,0.18857672979419365,0.35997101533367165,0.03,1000
4x4,median,0.2700737897202722,0.22082125551424006,0.32534222603067536,0.0,0.7142857142857143,0.9787408013082584,0.18650313708160493,0.35712655288555056,0.03,1000
4x4,vote,0.2722581359862511,0.22168985786635267,0.32676444025736284,0.0,0.7142857142857143,0.9787408013082584,0.18938512465924467,0.35858418945188286,0.03,1000
1x2,single,0.7671713380641507,0.7207132213659543,0.8053776335467181,0.375,1.0,0.9776773099745691,0.7534234682169789,0.7814920358216216,0.02,500
1x2,mean,0.7671305997195379,0.7208497133305917,0.8061943454222885,0.375,1.0,0.9776773099745691,0.7556107788272358,0.779130413149019,0.02,500
1x2,median,0.7670820478079168,0.7212808933131298,0.8060591125973461,0.375,1.0,0.9776773099745691,0.753315451234281,0.7814222525721205,0.02,500
1x2,vote,0.767510447015701,0.7187102202137108,0.8060811125085551,0.375,1.0,0.9776773099745691,0.754710669237094,0.7808435488684168,0.02,500
2x1,single,0.6527977500017559,0.5946425817322829,0.704662364688779,0.0,1.0,0.9776773099745691,0.5831228965475822,0.7253757223498535,0.02,500
2x1,mean,0.6531281723209352,0.5936465573985217,0.7035031057458145,0.0,1.0,0.9776773099745691,0.582961919577996,0.7262180189281638,0.02,500
2x1,median,0.6558128241017238,0.5951601666216016,0.7067366455091942,0.0,1.0,0.9776773099745691,0.5875202897787712,0.7269508806881326,0.02,500
2x1,vote,0.6554257221196148,0.5944657327187423,0.7070008437299061,0.0,1.0,0.9776773099745691,0.5871499194084009,0.7265463499437961,0.02,500
1x3,single,0.8344209323481222,0.7763193049458604,0.8738993462224901,0.2616822429906542,1.0,0.9776773099745691,0.7877460394361124,0.8830406124647991,0.02,500
1x3,mean,0.8347784253689222,0.7763824324681875,0.8762684689249597,0.2616822429906542,1.0,0.9776773099745691,0.7865703335738838,0.8849951876554204,0.02,500
1x3,median,0.8339056561687296,0.7747340192731036,0.8717287595312323,0.2616822429906542,1.0,0.9776773099745691,0.7840850751543824,0.8858020947253414,0.02,500
1x3,vote,0.8342950611522661,0.7770161048333272,0.8739852355207817,0.2616822429906542,1.0,0.9776773099745691,0.7848483089221139,0.8858020947253414,0.02,500
2x2,single,0.5225751427269135,0.46364922675038994,0.5787876749706037,0.0,1.0,0.9776773099745691,0.46623524566787106,0.5812625354967494,0.02,500
2x2,mean,0.5230456754160152,0.4672277181207848,0.5783865470586909,0.0,1.0,0.9776773099745691,0.4685426198639401,0.5798196916160933,0.02,500
2x2,median,0.5246239867761174,0.4651926486721018,0.5807703143683989,0.0,1.0,0.9776773099745691,0.46933804588816175,0.5822135085344047,0.02,500
2x2,vote,0.5253685757422086,0.46683304440491014,0.5826118689624717,0.0,1.0,0.9776773099745691,0.4706835686260895,0.5823321248214993,0.02,500
3x3,single,0.4728437340892977,0.41063521526793134,0.5382259690925486,0.0,1.0,0.9776773099745691,0.36212242920925575,0.588178426672675,0.02,500
3x3,mean,0.4662489143497112,0.4029846690071595,0.5317020600185138,0.0,1.0,0.9776773099745691,0.35261109262369655,0.5846216453143098,0.02,500
3x3,median,0.4714921203038072,0.40909430711214084,0.5361414972903052,0.0,1.0,0.9776773099745691,0.3617524888202526,0.5858042364325101,0.02,500
3x3,vote,0.4704728974401628,0.4092457896471455,0.5374292273588602,0.0,1.0,0.9776773099745691,0.36115205718657295,0.5843487727043191,0.02,500
4x4,single,0.3038881769353628,0.2532762518623208,0.3647385976038284,0.0,1.0,0.9776773099745691,0.2502272282821999,0.35978499844907413,0.02,500
4x4,mean,0.3077132559348347,0.25670065987969753,0.3684506474170638,0.0,1.0,0.9776773099745691,0.25182075321287356,0.3659346129368776,0.02,500
4x4,median,0.30681782551768405,0.2566413916361572,0.3697327875162919,0.0,1.0,0.9776773099745691,0.25222048692481364,0.3636900532185907,0.02,500
4x4,vote,0.3059021921976952,0.25430317350772963,0.3678200107172356,0.0,1.0,0.9776773099745691,0.25101293860607327,0.3630784980223014,0.02,500
1x2,single,0.7167016256252826,0.6298109623569632,0.7762526925600106,0.0,1.0,0.9877913429522752,0.6996995429870594,0.735322954229051,0.02,1000
1x2,mean,0.718379758874825,0.630608886122184,0.7768003791992866,0.0,1.0,0.9877913429522752,0.7003226800001131,0.7381565595471283,0.02,1000
1x2,median,0.718517920184195,0.6281932667496389,0.7768239422045156,0.0,1.0,0.9877913429522752,0.7027381389373112,0.7358005377403056,0.02,1000
1x2,vote,0.7183548057866308,0.6277776620873146,0.7781303411612246,0.0,1.0,0.9877913429522752,0.7027381389373112,0.7354587742406474,0.02,1000
2x1,single,0.6316964183584122,0.5501017187597839,0.6978709556340854,0.0,1.0,0.9877913429522752,0.5934021625968263,0.6736377460972917,0.02,1000
2x1,mean,0.6121895406904962,0.5272788805401318,0.6806005771408604,0.0,1.0,0.9877913429522752,0.5572078493085233,0.6724075836326572,0.02,1000
2x1,median,0.6302975795347012,0.547761647070133,0.6961993920448555,0.0,1.0,0.9877913429522752,0.5921855527644876,0.6720393231401731,0.02,1000
2x1,vote,0.6302975795347012,0.5478791546409165,0.6958519749874751,0.0,1.0,0.9877913429522752,0.5921855527644876,0.6720393231401731,0.02,1000
1x3,single,0.9176837697446046,0.8616204085332935,0.951049747070897,0.3548387096774194,1.0,0.9877913429522752,0.8801031075763176,0.9588435425955857,0.02,1000
1x3,mean,0.915139559179122,0.8513580671329694,0.9497754659139663,0.2903225806451613,1.0,0.9877913429522752,0.8753651818411755,0.9587019724540156,0.02,1000
1x3,median,0.9175846886654747,0.855140051731818,0.9528714686236395,0.2903225806451613,1.0,0.9877913429522752,0.8758399223078217,0.9633051470571902,0.02,1000
1x3,vote,0.9156907492715353,0.8525236475410536,0.9509794222498794,0.2903225806451613,1.0,0.9877913429522752,0.8758399223078217,0.9593368930889363,0.02,1000
2x2,single,0.47250838020231023,0.3993954627261791,0.5397344518937591,0.0,1.0,0.9877913429522752,0.43199480982775046,0.5168803858506376,0.02,1000
2x2,mean,0.474330060109772,0.40260796878579735,0.5391229241247996,0.0,1.0,0.9877913429522752,0.4360332068345999,0.5162742327444845,0.02,1000
2x2,median,0.4738929233981919,0.40275605465690795,0.5398712154269771,0.0,1.0,0.9877913429522752,0.4357080489007462,0.5157144526096799,0.02,1000
2x2,vote,0.4737298090006277,0.39820348260111577,0.539447154642158,0.0,1.0,0.9877913429522752,0.4357080489007462,0.5153726891100215,0.02,1000
3x3,single,0.5237685020422966,0.44614226342318564,0.6047342172366834,0.0,1.0,0.9877913429522752,0.47601887359011247,0.5760657141565935,0.02,1000
3x3,mean,0.5083572385964047,0.43009103701999035,0.5877964748561584,0.0,1.0,0.9877913429522752,0.43899475195626675,0.5843256763451271,0.02,1000
3x3,median,0.5024253589834322,0.4201860300252995,0.5821186239242345,0.0,1.0,0.9877913429522752,0.42657302705766853,0.5855017225211734,0.02,1000
3x3,vote,0.5031584968133442,0.4220992456209591,0.58646131429591,0.0,1.0,0.9877913429522752,0.4279755516018481,0.5855017225211734,0.02,1000
4x4,single,0.25486540903967225,0.20312619093394285,0.31434918953091656,0.0,0.8,0.9877913429522752,0.19248985622433362,0.32318149069456686,0.02,1000
4x4,mean,0.2570773259542189,0.20502674727876358,0.314298302876105,0.0,0.7307692307692307,0.9877913429522752,0.19317680395582074,0.3270636119524645,0.02,1000
4x4,median,0.2554764041405837,0.2015815991024499,0.3155017130440191,0.0,0.7307692307692307,0.9877913429522752,0.1947043544195414,0.32203626812077285,0.02,1000
4x4,vote,0.25607656155892294,0.2029648744102326,0.3136131959836384,0.0,0.7307692307692307,0.9877913429522752,0.1947043544195414,0.323293740806817,0.02,1000
1x2,single,0.7647364403937065,0.7317076146654901,0.7908873444928455,0.43902439024390244,0.9322033898305084,0.9544039553195386,0.7598198913720996,0.7698578456245467,0.05,500
1x2,mean,0.765285996845987,0.7329567298849117,0.7916781107078238,0.43902439024390244,0.9491525423728814,0.9544039553195386,0.7620759504436079,0.7686297951817985,0.05,500
1x2,median,0.7640484567586782,0.7327978454343163,0.7906908642218629,0.43089430894308944,0.9365079365079365,0.9544039553195386,0.7591586550769414,0.769142000177154,0.05,500
1x2,vote,0.7641987590328385,0.7317373489161569,0.7908475035613162,0.43089430894308944,0.9365079365079365,0.9544039553195386,0.7600282202943326,0.7685430702187822,0.05,500
2x1,single,0.6503294452966556,0.6071835029403105,0.6874719276371772,0.2647058823529412,0.9,0.9544039553195386,0.6093266635687058,0.6930406762632698,0.05,500
2x1,mean,0.6509297149192687,0.6071032993395818,0.6884097541884301,0.24509803921568626,0.9,0.9544039553195386,0.6090379214438222,0.6945669997895254,0.05,500
2x1,median,0.6530231549272218,0.6101759161633541,0.6917613093643803,0.24509803921568626,0.9,0.9544039553195386,0.6143368970996085,0.6933213401643191,0.05,500
2x1,vote,0.6531886177993803,0.6095325755574718,0.6908455605230708,0.24509803921568626,0.9,0.9544039553195386,0.6143008439686787,0.6936967155396946,0.05,500
1x3,single,0.8237679153979168,0.7718277914274096,0.8554677003184631,0.25203252032520324,0.972972972972973,0.9544039553195386,0.7867724664833439,0.862304841350597,0.05,500
1x3,mean,0.824081382174121,0.775725600253948,0.8551990423169132,0.24390243902439024,0.972972972972973,0.9544039553195386,0.7831906574991738,0.8666758870438573,0.05,500
1x3,median,0.8265072239729393,0.7760027722042375,0.8575481555040171,0.23577235772357724,0.972972972972973,0.9544039553195386,0.7884013564954288,0.8662008359286794,0.05,500
1x3,vote,0.8269331769618518,0.7778605977176203,0.8576916950119935,0.23577235772357724,0.972972972972973,0.9544039553195386,0.7892362243536971,0.8662008359286794,0.05,500
2x2,single,0.5270764726190195,0.482045261177569,0.5677700078557752,0.1782178217821782,0.79,0.9544039553195386,0.4875098546872503,0.5682916996312789,0.05,500
2x2,mean,0.5274503109951216,0.4835725254721335,0.5675752688143204,0.1782178217821782,0.79,0.9544039553195386,0.4893656103908464,0.5671218741245749,0.05,500
2x2,median,0.5281391148836788,0.4800097471110516,0.568354259439783,0.16831683168316833,0.8125,0.9544039553195386,0.49029266061624377,0.5675625047455903,0.05,500
2x2,vote,0.5288333411354091,0.4827441995802082,0.5691021484041283,0.16831683168316833,0.8125,0.9544039553195386,0.4913279963527294,0.5679014086173672,0.05,500
3x3,single,0.46307569643151775,0.41049346993641306,0.518175430146957,0.039603960396039604,0.87,0.9544039553195386,0.3776810996724001,0.5520284013889319,0.05,500
3x3,mean,0.46328239985060027,0.4094275533625318,0.5191545529611756,0.0594059405940594,0.9,0.9544039553195386,0.3773949862359974,0.5527484556991449,0.05,500
3x3,median,0.4667881449722963,0.4124180951173109,0.5213971916871074,0.04950495049504951,0.9,0.9544039553195386,0.38388366775555194,0.5531469754064051,0.05,500
3x3,vote,0.4659997860753319,0.4135641086626012,0.5214897708265136,0.04950495049504951,0.9,0.9544039553195386,0.38358881416680163,0.5518445484800508,0.05,500
4x4,single,0.29631917627928456,0.2600508447909628,0.3360181057919612,0.008130081300813009,0.62,0.9544039553195386,0.24622052409999123,0.34850527229938183,0.05,500
4x4,mean,0.29989149711017565,0.2625599000935095,0.33974426225662224,0.008130081300813009,0.65,0.9544039553195386,0.24785972599650538,0.35409125868691543,0.05,500
4x4,median,0.29794322745190677,0.2601021318102034,0.3361083920920871,0.008130081300813009,0.62,0.9544039553195386,0.24773684191441014,0.3502415457201324,0.05,500
4x4,vote,0.29683190089253314,0.2598423919893182,0.3359011693420928,0.008130081300813009,0.63,0.9544039553195386,0.24627702492332365,0.34949323002712646,0.05,500
1x2,single,0.7514116531648507,0.7160460813397824,0.782152591436613,0.4166666666666667,1.0,0.9596879063719116,0.7338333500098078,0.7697223856180208,0.05,1000
1x2,mean,0.7573670871626523,0.7217689654632123,0.787555241866805,0.4166666666666667,1.0,0.9596879063719116,0.7388754943055151,0.7766291630555036,0.05,1000
1x2,median,0.755648957213973,0.7202704332375761,0.7860453215946445,0.4166666666666667,1.0,0.9596879063719116,0.7385303764603974,0.7734808121656144,0.05,1000
1x2,vote,0.7556724148728986,0.7208038473912507,0.7857792821563959,0.4166666666666667,1.0,0.9596879063719116,0.7385303764603974,0.773528704885921,0.05,1000
2x1,single,0.6536710183231146,0.6027620922994359,0.6987760731626433,0.25925925925925924,1.0,0.9596879063719116,0.6148533407431127,0.6941060991356164,0.05,1000
2x1,mean,0.6538806928096003,0.5961116746385833,0.7015072065894575,0.0,1.0,0.9596879063719116,0.6184460425582978,0.6907917868213737,0.05,1000
2x1,median,0.6570325439065012,0.6054790396515015,0.7013825600219604,0.25925925925925924,1.0,0.9596879063719116,0.6223421464544017,0.6931683745857716,0.05,1000
2x1,vote,0.6570325439065012,0.6059260968430221,0.7033299794151072,0.25925925925925924,1.0,0.9596879063719116,0.6223421464544017,0.6931683745857716,0.05,1000
1x3,single,0.8793903362153371,0.8307571077798152,0.9087019331155619,0.3055555555555556,1.0,0.9596879063719116,0.8625270396240831,0.89695627016456,0.05,1000
1x3,mean,0.8766227912272274,0.8253861344427792,0.9085518217139567,0.25,1.0,0.9596879063719116,0.8621535445318946,0.8916949232015323,0.05,1000
1x3,median,0.8821578857431533,0.8279759614818689,0.9131970298307105,0.25,1.0,0.9596879063719116,0.8663560712797083,0.8986181091425754,0.05,1000
1x3,vote,0.8811860684448055,0.8303478452518187,0.9125088722189263,0.25,1.0,0.9596879063719116,0.8663560712797083,0.8966339821584485,0.05,1000
2x2,single,0.5096937845225745,0.4550000809823563,0.5600805718038229,0.0,1.0,0.9596879063719116,0.46354273127844453,0.5577677983185433,0.05,1000
2x2,mean,0.523276396000507,0.46936230155609615,0.5705415707057757,0.0,1.0,0.9596879063719116,0.4885696247534803,0.5594292827161597,0.05,1000
2x2,median,0.5161374090686315,0.461258256082192,0.565410297868244,0.0,1.0,0.9596879063719116,0.47393879262264826,0.560094301199864,0.05,1000
2x2,vote,0.5161608667275571,0.46029359872189124,0.5656760863091395,0.0,1.0,0.9596879063719116,0.47393879262264826,0.5601421939201705,0.05,1000
3x3,single,0.4863848240144518,0.4247282102565434,0.5510768666783745,0.0,1.0,0.9596879063719116,0.40813592703496626,0.5678940917014158,0.05,1000
3x3,mean,0.477232600064058,0.41726482269771453,0.5403032085722638,0.0,0.8958333333333334,0.9596879063719116,0.3868337004898175,0.5713981204538918,0.05,1000
3x3,median,0.4813432404025029,0.41638138241432404,0.5427458663681666,0.0,0.8958333333333334,0.9596879063719116,0.39341148284462607,0.5729388211919582,0.05,1000
3x3,vote,0.4838783445642283,0.42048545352967676,0.5444252824939493,0.0,0.8958333333333334,0.9596879063719116,0.39637212373630143,0.5750306579266521,0.05,1000
4x4,single,0.26571518249257037,0.2211600191787448,0.3130186133730482,0.0,0.64,0.9596879063719116,0.18982930104673282,0.3447629756653179,0.05,1000
4x4,mean,0.2661169001053,0.22146180188138437,0.3128387359130822,0.0,0.6363636363636364,0.9596879063719116,0.19046516602930702,0.34492078976779267,0.05,1000
4x4,median,0.26551618659352966,0.21993694499648628,0.3132577285075676,0.0,0.64,0.9596879063719116,0.1899368686226067,0.34424464281324113,0.05,1000
4x4,vote,0.26857751988508316,0.22156877494756508,0.31535550682705055,0.0,0.64,0.9596879063719116,0.19408674173799703,0.34617208045496456,0.05,1000
