axis,shared_frac_icc,shared_frac_naive,frames_per_window_mean,rmse_frame,rmse_window_mean,disp_std,dwell_ms
x,0.9523734244583215,0.9555837700035724,14.791221033868093,0.1124982259020477,0.10986785142080457,0.03,500
y,0.9826745842851996,0.9838423285433167,14.791221033868093,0.21412451617289632,0.21234568556377045,0.03,500
x,0.9293355945548714,0.9316829810326719,29.43832236842105,0.11581761894398006,0.11178830287853607,0.03,1000
y,0.9696712510039098,0.9706777823530399,29.43832236842105,0.2210433430369951,0.21732172743225117,0.03,1000
x,0.9506475949597242,0.9539636686026141,14.826037195994278,0.10310143261802832,0.1005846308419797,0.02,500
y,0.9845295912881689,0.9855689429541981,14.826037195994278,0.2140041619520941,0.21234429772025118,0.02,500
x,0.9208850638494603,0.9234785220263961,29.600667408231367,0.1093648229461978,0.10511953396698183,0.02,1000
y,0.9741153504364312,0.9749624257304351,29.600667408231367,0.2215280973751727,0.2187791924251169,0.02,1000
x,0.9522303810069723,0.955463832871243,14.736415094339623,0.11640794001945684,0.1138374273089179,0.05,500
y,0.9816115453484013,0.9828561414270817,14.736415094339623,0.2164403362793504,0.21472294426621488,0.05,500
x,0.9302649469717408,0.9326186948171165,29.102902374670183,0.1193040702776867,0.11526184872449316,0.05,1000
y,0.967941756896359,0.9690230482244299,29.102902374670183,0.21987160956765264,0.21598101362576222,0.05,1000
