participant,setup,lag_ms,r_at_lag,r_at_zero
P_01,Laptop,350,0.5667362056625097,0.49567011933245037
P_02,Laptop,420,0.6855209522183161,0.5555116218542454
P_06,PC,50,0.9727802300239103,0.9520337522867882
P_07,Laptop,400,0.9263884354329727,0.6999848332716515
P_08,PC,70,0.9182166689960446,0.8923331712975228
P_10,PC,50,0.9478279971527459,0.9397437866832651
P_12,PC,30,0.9584809571336511,0.9491897361828151
P_13,PC,40,0.9328365003717297,0.923502511659256
P_14,Laptop,270,0.7129355443326469,0.6534584516758263
P_15,Laptop,370,0.6851072491577423,0.5951711116494147
P_16,PC,20,0.8882974593595477,0.8836119155892147
P_17,PC,40,0.9379408306470213,0.926141422194759
P_18,PC,70,0.9673074545434993,0.9304130092835204
P_19,PC,50,0.9484454755362819,0.9312161754401713
P_20,PC,50,0.9370387423621613,0.9160039071602863
P_23,PC,30,0.9278608309301881,0.9206501131280017
P_24,Laptop,190,0.6051898512216479,0.5863225342575541
P_25,PC,40,0.9596708138468862,0.9425902002355908
P_27,PC,40,0.8178483980592164,0.8121682249526829
P_28,Laptop,390,0.6169547015838248,0.5339138616786204
P_29,Laptop,370,0.7601137247917157,0.5476593183343305
P_31,PC,50,0.9586909876460736,0.9431292926098335
P_33,Laptop,-280,0.30000333706114113,0.28679529298672507
P_34,Laptop,400,0.5655596669921831,0.49110725924267334
P_35,PC,40,0.9746615009753725,0.9622407383939001
P_37,Laptop,380,0.8938118514881941,0.6310471724031494
P_38,Laptop,280,0.577062557800357,0.476846211005692
P_39,Laptop,380,0.9011024263708476,0.5222814053765631
P_40,PC,40,0.923576522924438,0.9165035472213882
P_41,PC,50,0.9676830774822269,0.9567816651458106
P_42,PC,40,0.9488021881407446,0.9364553883454126
P_44,PC,30,0.9327993530064317,0.9264010704628746
P_45,PC,50,0.959860027825633,0.9387595887410537
P_46,PC,50,0.9584621957258698,0.9458623114373945
P_47,Laptop,350,0.734359167851577,0.6192888877429147
P_48,Laptop,380,0.8768281130836534,0.6824999011536735
P_50,Laptop,80,0.5217035523795734,0.5097164130011648
P_51,Laptop,100,0.4196468673317772,0.4164551187734155
P_52,Laptop,410,0.8443782775173747,0.5984499228528102
P_53,Laptop,450,0.8157332337123053,0.5541093508069811
P_54,Laptop,410,0.8396909324076564,0.546458561891426
P_55,PC,40,0.9097194862292319,0.9034519698206503
P_56,PC,40,0.956951329786671,0.9480043992653617
P_57,Laptop,390,0.8431464247266253,0.6748210381402808
P_58,Laptop,360,0.7594158462673484,0.6683228661821712
P_59,PC,40,0.8341741862592755,0.8227536016601272
P_60,Laptop,380,0.9005728153482626,0.7065015734577867
P_61,Laptop,370,0.6058511118170568,0.4288134653299827
P_62,Laptop,380,0.8059238726486048,0.599421001317347
P_63,Laptop,390,0.9157820089228524,0.7280831425344337
P_64,Laptop,370,0.7363883994613439,0.6057702065996381
