method,condition,n,top1,top3
embed,clean,60,0.5833333333333334,0.8166666666666667
embed,partial,60,0.6,0.8
embed,wrong_label,60,0.11666666666666667,0.21666666666666667
embed,wrong_pick,60,0.11666666666666667,0.23333333333333334
lm_choice_phi3.5,clean,60,0.3333333333333333,0.4166666666666667
lm_choice_phi3.5,partial,60,0.3333333333333333,0.43333333333333335
lm_choice_phi3.5,wrong_label,60,0.11666666666666667,0.16666666666666666
lm_choice_phi3.5,wrong_pick,60,0.13333333333333333,0.16666666666666666
lm_choice_qwen1.5b,clean,60,0.23333333333333334,0.2833333333333333
lm_choice_qwen1.5b,partial,60,0.26666666666666666,0.31666666666666665
lm_choice_qwen1.5b,wrong_label,60,0.06666666666666667,0.11666666666666667
lm_choice_qwen1.5b,wrong_pick,60,0.06666666666666667,0.08333333333333333
lm_choice_qwen3b,clean,60,0.2,0.3333333333333333
lm_choice_qwen3b,partial,60,0.21666666666666667,0.31666666666666665
lm_choice_qwen3b,wrong_label,60,0.06666666666666667,0.13333333333333333
lm_choice_qwen3b,wrong_pick,60,0.1,0.11666666666666667
lm_choice_smol1.7b,clean,60,0.05,0.06666666666666667
lm_choice_smol1.7b,partial,60,0.05,0.06666666666666667
lm_choice_smol1.7b,wrong_label,60,0.016666666666666666,0.05
lm_choice_smol1.7b,wrong_pick,60,0.016666666666666666,0.05
lm_gen_phi3.5,clean,60,0.7666666666666667,0.95
lm_gen_phi3.5,partial,60,0.7666666666666667,0.9166666666666666
lm_gen_phi3.5,wrong_label,60,0.15,0.26666666666666666
lm_gen_phi3.5,wrong_pick,60,0.2,0.3
lm_gen_qwen1.5b,clean,60,0.6666666666666666,0.9
lm_gen_qwen1.5b,partial,60,0.6666666666666666,0.8833333333333333
lm_gen_qwen1.5b,wrong_label,60,0.16666666666666666,0.23333333333333334
lm_gen_qwen1.5b,wrong_pick,60,0.18333333333333332,0.3
lm_gen_qwen3b,clean,60,0.7833333333333333,0.9166666666666666
lm_gen_qwen3b,partial,60,0.7666666666666667,0.8833333333333333
lm_gen_qwen3b,wrong_label,60,0.15,0.26666666666666666
lm_gen_qwen3b,wrong_pick,60,0.15,0.25
lm_gen_smol1.7b,clean,60,0.6833333333333333,0.8666666666666667
lm_gen_smol1.7b,partial,60,0.7166666666666667,0.8666666666666667
lm_gen_smol1.7b,wrong_label,60,0.15,0.2833333333333333
lm_gen_smol1.7b,wrong_pick,60,0.11666666666666667,0.26666666666666666
lm_pmi_phi3.5,clean,60,0.26666666666666666,0.48333333333333334
lm_pmi_phi3.5,partial,60,0.26666666666666666,0.45
lm_pmi_phi3.5,wrong_label,60,0.08333333333333333,0.13333333333333333
lm_pmi_phi3.5,wrong_pick,60,0.08333333333333333,0.13333333333333333
lm_pmi_qwen1.5b,clean,60,0.2,0.5166666666666667
lm_pmi_qwen1.5b,partial,60,0.18333333333333332,0.48333333333333334
lm_pmi_qwen1.5b,wrong_label,60,0.06666666666666667,0.21666666666666667
lm_pmi_qwen1.5b,wrong_pick,60,0.06666666666666667,0.15
lm_pmi_qwen3b,clean,60,0.35,0.5
lm_pmi_qwen3b,partial,60,0.2833333333333333,0.48333333333333334
lm_pmi_qwen3b,wrong_label,60,0.08333333333333333,0.16666666666666666
lm_pmi_qwen3b,wrong_pick,60,0.08333333333333333,0.2
lm_pmi_smol1.7b,clean,60,0.3333333333333333,0.5833333333333334
lm_pmi_smol1.7b,partial,60,0.31666666666666665,0.5333333333333333
lm_pmi_smol1.7b,wrong_label,60,0.06666666666666667,0.16666666666666666
lm_pmi_smol1.7b,wrong_pick,60,0.08333333333333333,0.18333333333333332
lm_rank_phi3.5,clean,60,0.13333333333333333,0.26666666666666666
lm_rank_phi3.5,partial,60,0.13333333333333333,0.25
lm_rank_phi3.5,wrong_label,60,0.06666666666666667,0.13333333333333333
lm_rank_phi3.5,wrong_pick,60,0.06666666666666667,0.13333333333333333
lm_rank_qwen1.5b,clean,60,0.11666666666666667,0.36666666666666664
lm_rank_qwen1.5b,partial,60,0.06666666666666667,0.3333333333333333
lm_rank_qwen1.5b,wrong_label,60,0.016666666666666666,0.18333333333333332
lm_rank_qwen1.5b,wrong_pick,60,0.03333333333333333,0.18333333333333332
lm_rank_qwen3b,clean,60,0.18333333333333332,0.38333333333333336
lm_rank_qwen3b,partial,60,0.16666666666666666,0.36666666666666664
lm_rank_qwen3b,wrong_label,60,0.08333333333333333,0.15
lm_rank_qwen3b,wrong_pick,60,0.06666666666666667,0.15
lm_rank_smol1.7b,clean,60,0.18333333333333332,0.36666666666666664
lm_rank_smol1.7b,partial,60,0.15,0.3
lm_rank_smol1.7b,wrong_label,60,0.03333333333333333,0.13333333333333333
lm_rank_smol1.7b,wrong_pick,60,0.06666666666666667,0.13333333333333333
prior,clean,60,0.8666666666666667,1.0
prior,partial,60,0.8,1.0
prior,wrong_label,60,0.23333333333333334,0.2833333333333333
prior,wrong_pick,60,0.25,0.31666666666666665
template,clean,60,0.7333333333333333,0.9333333333333333
template,partial,60,0.75,0.9166666666666666
template,wrong_label,60,0.15,0.25
template,wrong_pick,60,0.16666666666666666,0.3
