method,recoverable,n,top1,top3
embed,False,82,0.012195121951219513,0.06097560975609756
embed,True,38,0.34210526315789475,0.5789473684210527
lm_choice_phi3.5,False,82,0.012195121951219513,0.012195121951219513
lm_choice_phi3.5,True,38,0.3684210526315789,0.5
lm_choice_qwen1.5b,False,82,0.0,0.012195121951219513
lm_choice_qwen1.5b,True,38,0.21052631578947367,0.2894736842105263
lm_choice_qwen3b,False,82,0.06097560975609756,0.06097560975609756
lm_choice_qwen3b,True,38,0.13157894736842105,0.2631578947368421
lm_choice_smol1.7b,False,82,0.0,0.024390243902439025
lm_choice_smol1.7b,True,38,0.05263157894736842,0.10526315789473684
lm_gen_phi3.5,False,82,0.0,0.036585365853658534
lm_gen_phi3.5,True,38,0.5526315789473685,0.8157894736842105
lm_gen_qwen1.5b,False,82,0.0,0.024390243902439025
lm_gen_qwen1.5b,True,38,0.5526315789473685,0.7894736842105263
lm_gen_qwen3b,False,82,0.012195121951219513,0.036585365853658534
lm_gen_qwen3b,True,38,0.4473684210526316,0.7368421052631579
lm_gen_smol1.7b,False,82,0.012195121951219513,0.06097560975609756
lm_gen_smol1.7b,True,38,0.39473684210526316,0.7368421052631579
lm_pmi_phi3.5,False,82,0.024390243902439025,0.024390243902439025
lm_pmi_phi3.5,True,38,0.21052631578947367,0.3684210526315789
lm_pmi_qwen1.5b,False,82,0.036585365853658534,0.08536585365853659
lm_pmi_qwen1.5b,True,38,0.13157894736842105,0.39473684210526316
lm_pmi_qwen3b,False,82,0.036585365853658534,0.06097560975609756
lm_pmi_qwen3b,True,38,0.18421052631578946,0.4473684210526316
lm_pmi_smol1.7b,False,82,0.0,0.08536585365853659
lm_pmi_smol1.7b,True,38,0.23684210526315788,0.3684210526315789
lm_rank_phi3.5,False,82,0.0,0.036585365853658534
lm_rank_phi3.5,True,38,0.21052631578947367,0.34210526315789475
lm_rank_qwen1.5b,False,82,0.012195121951219513,0.08536585365853659
lm_rank_qwen1.5b,True,38,0.05263157894736842,0.39473684210526316
lm_rank_qwen3b,False,82,0.012195121951219513,0.036585365853658534
lm_rank_qwen3b,True,38,0.21052631578947367,0.39473684210526316
lm_rank_smol1.7b,False,82,0.0,0.036585365853658534
lm_rank_smol1.7b,True,38,0.15789473684210525,0.34210526315789475
prior,False,82,0.0,0.0
prior,True,38,0.7631578947368421,0.9473684210526315
template,False,82,0.0,0.024390243902439025
template,True,38,0.5,0.8157894736842105
