a,b,metric,a_minus_b,ci_lo,ci_hi,n
embed,template,top1,-0.0958,-0.1458,-0.05,240
embed,template,top1_clean,-0.15,-0.2667,-0.0333,60
embed,template,top1_partial,-0.15,-0.2667,-0.0333,60
embed,template,top1_wrong_label,-0.0333,-0.1,0.0333,60
embed,template,top1_wrong_pick,-0.05,-0.1167,0.0,60
embed,template,top3,-0.0833,-0.1375,-0.0332,240
embed,template,top3_clean,-0.1167,-0.2167,-0.0167,60
embed,template,top3_partial,-0.1167,-0.2167,-0.0167,60
embed,template,top3_wrong_label,-0.0333,-0.1333,0.0667,60
embed,template,top3_wrong_pick,-0.0667,-0.1833,0.05,60
embed,prior,top1,-0.1833,-0.2458,-0.1208,240
embed,prior,top1_clean,-0.2833,-0.4167,-0.1496,60
embed,prior,top1_partial,-0.2,-0.35,-0.05,60
embed,prior,top1_wrong_label,-0.1167,-0.2333,0.0,60
embed,prior,top1_wrong_pick,-0.1333,-0.2333,-0.05,60
embed,prior,top3,-0.1333,-0.1875,-0.0833,240
embed,prior,top3_clean,-0.1833,-0.2833,-0.1,60
embed,prior,top3_partial,-0.2,-0.3,-0.1,60
embed,prior,top3_wrong_label,-0.0667,-0.1833,0.05,60
embed,prior,top3_wrong_pick,-0.0833,-0.1833,0.0167,60
lm_choice_phi3.5,embed,top1,-0.125,-0.1833,-0.0667,240
lm_choice_phi3.5,embed,top1_clean,-0.25,-0.4,-0.1,60
lm_choice_phi3.5,embed,top1_partial,-0.2667,-0.4,-0.1333,60
lm_choice_phi3.5,embed,top1_wrong_label,0.0,-0.0833,0.0833,60
lm_choice_phi3.5,embed,top1_wrong_pick,0.0167,-0.05,0.0833,60
lm_choice_phi3.5,embed,top3,-0.2208,-0.2833,-0.1583,240
lm_choice_phi3.5,embed,top3_clean,-0.4,-0.5333,-0.2667,60
lm_choice_phi3.5,embed,top3_partial,-0.3667,-0.5,-0.2333,60
lm_choice_phi3.5,embed,top3_wrong_label,-0.05,-0.15,0.05,60
lm_choice_phi3.5,embed,top3_wrong_pick,-0.0667,-0.1833,0.05,60
lm_choice_phi3.5,template,top1,-0.2208,-0.2833,-0.1625,240
lm_choice_phi3.5,template,top1_clean,-0.4,-0.5333,-0.2833,60
lm_choice_phi3.5,template,top1_partial,-0.4167,-0.55,-0.2833,60
lm_choice_phi3.5,template,top1_wrong_label,-0.0333,-0.1333,0.05,60
lm_choice_phi3.5,template,top1_wrong_pick,-0.0333,-0.1167,0.05,60
lm_choice_phi3.5,template,top3,-0.3042,-0.3667,-0.2417,240
lm_choice_phi3.5,template,top3_clean,-0.5167,-0.65,-0.3833,60
lm_choice_phi3.5,template,top3_partial,-0.4833,-0.6,-0.3667,60
lm_choice_phi3.5,template,top3_wrong_label,-0.0833,-0.2,0.0167,60
lm_choice_phi3.5,template,top3_wrong_pick,-0.1333,-0.2333,-0.0333,60
lm_choice_phi3.5,prior,top1,-0.3083,-0.3792,-0.2416,240
lm_choice_phi3.5,prior,top1_clean,-0.5333,-0.6667,-0.3833,60
lm_choice_phi3.5,prior,top1_partial,-0.4667,-0.6167,-0.3167,60
lm_choice_phi3.5,prior,top1_wrong_label,-0.1167,-0.2167,-0.0167,60
lm_choice_phi3.5,prior,top1_wrong_pick,-0.1167,-0.2167,-0.0167,60
lm_choice_phi3.5,prior,top3,-0.3542,-0.4167,-0.2917,240
lm_choice_phi3.5,prior,top3_clean,-0.5833,-0.7,-0.45,60
lm_choice_phi3.5,prior,top3_partial,-0.5667,-0.6833,-0.4333,60
lm_choice_phi3.5,prior,top3_wrong_label,-0.1167,-0.2167,-0.0333,60
lm_choice_phi3.5,prior,top3_wrong_pick,-0.15,-0.25,-0.05,60
lm_choice_qwen1.5b,embed,top1,-0.1958,-0.2542,-0.1375,240
lm_choice_qwen1.5b,embed,top1_clean,-0.35,-0.4833,-0.2167,60
lm_choice_qwen1.5b,embed,top1_partial,-0.3333,-0.4833,-0.1833,60
lm_choice_qwen1.5b,embed,top1_wrong_label,-0.05,-0.1333,0.0333,60
lm_choice_qwen1.5b,embed,top1_wrong_pick,-0.05,-0.1333,0.0333,60
lm_choice_qwen1.5b,embed,top3,-0.3167,-0.3833,-0.25,240
lm_choice_qwen1.5b,embed,top3_clean,-0.5333,-0.6667,-0.4167,60
lm_choice_qwen1.5b,embed,top3_partial,-0.4833,-0.6167,-0.3333,60
lm_choice_qwen1.5b,embed,top3_wrong_label,-0.1,-0.2,0.0,60
lm_choice_qwen1.5b,embed,top3_wrong_pick,-0.15,-0.2667,-0.0333,60
lm_choice_qwen1.5b,template,top1,-0.2917,-0.3542,-0.2292,240
lm_choice_qwen1.5b,template,top1_clean,-0.5,-0.6167,-0.3667,60
lm_choice_qwen1.5b,template,top1_partial,-0.4833,-0.6167,-0.35,60
lm_choice_qwen1.5b,template,top1_wrong_label,-0.0833,-0.1667,0.0,60
lm_choice_qwen1.5b,template,top1_wrong_pick,-0.1,-0.1833,-0.0333,60
lm_choice_qwen1.5b,template,top3,-0.4,-0.4667,-0.3333,240
lm_choice_qwen1.5b,template,top3_clean,-0.65,-0.7667,-0.5333,60
lm_choice_qwen1.5b,template,top3_partial,-0.6,-0.7333,-0.4667,60
lm_choice_qwen1.5b,template,top3_wrong_label,-0.1333,-0.25,-0.0167,60
lm_choice_qwen1.5b,template,top3_wrong_pick,-0.2167,-0.3333,-0.1167,60
lm_choice_qwen1.5b,prior,top1,-0.3792,-0.45,-0.3125,240
lm_choice_qwen1.5b,prior,top1_clean,-0.6333,-0.7667,-0.4833,60
lm_choice_qwen1.5b,prior,top1_partial,-0.5333,-0.6833,-0.3833,60
lm_choice_qwen1.5b,prior,top1_wrong_label,-0.1667,-0.2667,-0.0667,60
lm_choice_qwen1.5b,prior,top1_wrong_pick,-0.1833,-0.2833,-0.0833,60
lm_choice_qwen1.5b,prior,top3,-0.45,-0.5125,-0.3833,240
lm_choice_qwen1.5b,prior,top3_clean,-0.7167,-0.8333,-0.6,60
lm_choice_qwen1.5b,prior,top3_partial,-0.6833,-0.8,-0.5667,60
lm_choice_qwen1.5b,prior,top3_wrong_label,-0.1667,-0.2667,-0.0667,60
lm_choice_qwen1.5b,prior,top3_wrong_pick,-0.2333,-0.3337,-0.1333,60
lm_choice_qwen3b,embed,top1,-0.2083,-0.2708,-0.1458,240
lm_choice_qwen3b,embed,top1_clean,-0.3833,-0.5333,-0.2333,60
lm_choice_qwen3b,embed,top1_partial,-0.3833,-0.5167,-0.2333,60
lm_choice_qwen3b,embed,top1_wrong_label,-0.05,-0.1333,0.0333,60
lm_choice_qwen3b,embed,top1_wrong_pick,-0.0167,-0.1,0.0667,60
lm_choice_qwen3b,embed,top3,-0.2917,-0.3625,-0.2208,240
lm_choice_qwen3b,embed,top3_clean,-0.4833,-0.6167,-0.35,60
lm_choice_qwen3b,embed,top3_partial,-0.4833,-0.6167,-0.3333,60
lm_choice_qwen3b,embed,top3_wrong_label,-0.0833,-0.2,0.0333,60
lm_choice_qwen3b,embed,top3_wrong_pick,-0.1167,-0.2333,0.0,60
lm_choice_qwen3b,template,top1,-0.3042,-0.3708,-0.2417,240
lm_choice_qwen3b,template,top1_clean,-0.5333,-0.6667,-0.4,60
lm_choice_qwen3b,template,top1_partial,-0.5333,-0.65,-0.4167,60
lm_choice_qwen3b,template,top1_wrong_label,-0.0833,-0.1833,0.0167,60
lm_choice_qwen3b,template,top1_wrong_pick,-0.0667,-0.1667,0.0333,60
lm_choice_qwen3b,template,top3,-0.375,-0.4417,-0.3083,240
lm_choice_qwen3b,template,top3_clean,-0.6,-0.7167,-0.4667,60
lm_choice_qwen3b,template,top3_partial,-0.6,-0.7167,-0.4833,60
lm_choice_qwen3b,template,top3_wrong_label,-0.1167,-0.2333,-0.0167,60
lm_choice_qwen3b,template,top3_wrong_pick,-0.1833,-0.3167,-0.05,60
lm_choice_qwen3b,prior,top1,-0.3917,-0.4625,-0.3208,240
lm_choice_qwen3b,prior,top1_clean,-0.6667,-0.8,-0.5333,60
lm_choice_qwen3b,prior,top1_partial,-0.5833,-0.7167,-0.4333,60
lm_choice_qwen3b,prior,top1_wrong_label,-0.1667,-0.2833,-0.05,60
lm_choice_qwen3b,prior,top1_wrong_pick,-0.15,-0.2667,-0.0333,60
lm_choice_qwen3b,prior,top3,-0.425,-0.4917,-0.3583,240
lm_choice_qwen3b,prior,top3_clean,-0.6667,-0.7833,-0.55,60
lm_choice_qwen3b,prior,top3_partial,-0.6833,-0.8,-0.5667,60
lm_choice_qwen3b,prior,top3_wrong_label,-0.15,-0.2667,-0.05,60
lm_choice_qwen3b,prior,top3_wrong_pick,-0.2,-0.3333,-0.0667,60
lm_choice_smol1.7b,embed,top1,-0.3208,-0.3875,-0.2583,240
lm_choice_smol1.7b,embed,top1_clean,-0.5333,-0.6667,-0.4,60
lm_choice_smol1.7b,embed,top1_partial,-0.55,-0.6833,-0.4167,60
lm_choice_smol1.7b,embed,top1_wrong_label,-0.1,-0.1833,-0.0167,60
lm_choice_smol1.7b,embed,top1_wrong_pick,-0.1,-0.2,-0.0167,60
lm_choice_smol1.7b,embed,top3,-0.4583,-0.5251,-0.3875,240
lm_choice_smol1.7b,embed,top3_clean,-0.75,-0.8667,-0.6167,60
lm_choice_smol1.7b,embed,top3_partial,-0.7333,-0.85,-0.6,60
lm_choice_smol1.7b,embed,top3_wrong_label,-0.1667,-0.2833,-0.05,60
lm_choice_smol1.7b,embed,top3_wrong_pick,-0.1833,-0.3,-0.0667,60
lm_choice_smol1.7b,template,top1,-0.4167,-0.4792,-0.3542,240
lm_choice_smol1.7b,template,top1_clean,-0.6833,-0.8,-0.5667,60
lm_choice_smol1.7b,template,top1_partial,-0.7,-0.8167,-0.5833,60
lm_choice_smol1.7b,template,top1_wrong_label,-0.1333,-0.2333,-0.05,60
lm_choice_smol1.7b,template,top1_wrong_pick,-0.15,-0.25,-0.0667,60
lm_choice_smol1.7b,template,top3,-0.5417,-0.6083,-0.475,240
lm_choice_smol1.7b,template,top3_clean,-0.8667,-0.95,-0.7829,60
lm_choice_smol1.7b,template,top3_partial,-0.85,-0.9333,-0.75,60
lm_choice_smol1.7b,template,top3_wrong_label,-0.2,-0.3167,-0.0833,60
lm_choice_smol1.7b,template,top3_wrong_pick,-0.25,-0.3667,-0.1333,60
lm_choice_smol1.7b,prior,top1,-0.5042,-0.5667,-0.4417,240
lm_choice_smol1.7b,prior,top1_clean,-0.8167,-0.9,-0.7167,60
lm_choice_smol1.7b,prior,top1_partial,-0.75,-0.85,-0.6333,60
lm_choice_smol1.7b,prior,top1_wrong_label,-0.2167,-0.3167,-0.1167,60
lm_choice_smol1.7b,prior,top1_wrong_pick,-0.2333,-0.35,-0.1333,60
lm_choice_smol1.7b,prior,top3,-0.5917,-0.6583,-0.525,240
lm_choice_smol1.7b,prior,top3_clean,-0.9333,-0.9833,-0.8667,60
lm_choice_smol1.7b,prior,top3_partial,-0.9333,-0.9833,-0.8667,60
lm_choice_smol1.7b,prior,top3_wrong_label,-0.2333,-0.35,-0.1167,60
lm_choice_smol1.7b,prior,top3_wrong_pick,-0.2667,-0.3833,-0.15,60
lm_gen_phi3.5,embed,top1,0.1167,0.0708,0.1667,240
lm_gen_phi3.5,embed,top1_clean,0.1833,0.0833,0.3,60
lm_gen_phi3.5,embed,top1_partial,0.1667,0.05,0.2833,60
lm_gen_phi3.5,embed,top1_wrong_label,0.0333,-0.05,0.1167,60
lm_gen_phi3.5,embed,top1_wrong_pick,0.0833,0.0,0.1667,60
lm_gen_phi3.5,embed,top3,0.0917,0.0375,0.1458,240
lm_gen_phi3.5,embed,top3_clean,0.1333,0.0333,0.2333,60
lm_gen_phi3.5,embed,top3_partial,0.1167,0.0,0.2333,60
lm_gen_phi3.5,embed,top3_wrong_label,0.05,-0.05,0.15,60
lm_gen_phi3.5,embed,top3_wrong_pick,0.0667,-0.05,0.1833,60
lm_gen_phi3.5,template,top1,0.0208,-0.0167,0.0583,240
lm_gen_phi3.5,template,top1_clean,0.0333,-0.05,0.1167,60
lm_gen_phi3.5,template,top1_partial,0.0167,-0.05,0.0833,60
lm_gen_phi3.5,template,top1_wrong_label,0.0,-0.0667,0.0667,60
lm_gen_phi3.5,template,top1_wrong_pick,0.0333,-0.05,0.1167,60
lm_gen_phi3.5,template,top3,0.0083,-0.025,0.0417,240
lm_gen_phi3.5,template,top3_clean,0.0167,-0.0333,0.0667,60
lm_gen_phi3.5,template,top3_partial,0.0,-0.05,0.05,60
lm_gen_phi3.5,template,top3_wrong_label,0.0167,-0.05,0.1,60
lm_gen_phi3.5,template,top3_wrong_pick,0.0,-0.0833,0.0833,60
lm_gen_phi3.5,prior,top1,-0.0667,-0.1208,-0.0125,240
lm_gen_phi3.5,prior,top1_clean,-0.1,-0.2167,0.0167,60
lm_gen_phi3.5,prior,top1_partial,-0.0333,-0.15,0.0833,60
lm_gen_phi3.5,prior,top1_wrong_label,-0.0833,-0.1833,0.0167,60
lm_gen_phi3.5,prior,top1_wrong_pick,-0.05,-0.1333,0.0333,60
lm_gen_phi3.5,prior,top3,-0.0417,-0.0792,-0.0083,240
lm_gen_phi3.5,prior,top3_clean,-0.05,-0.1167,0.0,60
lm_gen_phi3.5,prior,top3_partial,-0.0833,-0.15,-0.0167,60
lm_gen_phi3.5,prior,top3_wrong_label,-0.0167,-0.0833,0.05,60
lm_gen_phi3.5,prior,top3_wrong_pick,-0.0167,-0.1,0.05,60
lm_gen_qwen1.5b,embed,top1,0.0667,0.0083,0.125,240
lm_gen_qwen1.5b,embed,top1_clean,0.0833,-0.0667,0.2333,60
lm_gen_qwen1.5b,embed,top1_partial,0.0667,-0.0833,0.2167,60
lm_gen_qwen1.5b,embed,top1_wrong_label,0.05,-0.0333,0.1333,60
lm_gen_qwen1.5b,embed,top1_wrong_pick,0.0667,0.0,0.15,60
lm_gen_qwen1.5b,embed,top3,0.0625,0.0083,0.1167,240
lm_gen_qwen1.5b,embed,top3_clean,0.0833,-0.0333,0.2,60
lm_gen_qwen1.5b,embed,top3_partial,0.0833,-0.0333,0.2,60
lm_gen_qwen1.5b,embed,top3_wrong_label,0.0167,-0.0667,0.1,60
lm_gen_qwen1.5b,embed,top3_wrong_pick,0.0667,-0.05,0.1833,60
lm_gen_qwen1.5b,template,top1,-0.0292,-0.075,0.0167,240
lm_gen_qwen1.5b,template,top1_clean,-0.0667,-0.1833,0.05,60
lm_gen_qwen1.5b,template,top1_partial,-0.0833,-0.1833,0.0167,60
lm_gen_qwen1.5b,template,top1_wrong_label,0.0167,-0.05,0.1,60
lm_gen_qwen1.5b,template,top1_wrong_pick,0.0167,-0.05,0.1,60
lm_gen_qwen1.5b,template,top3,-0.0208,-0.0542,0.0125,240
lm_gen_qwen1.5b,template,top3_clean,-0.0333,-0.1,0.0333,60
lm_gen_qwen1.5b,template,top3_partial,-0.0333,-0.0833,0.0,60
lm_gen_qwen1.5b,template,top3_wrong_label,-0.0167,-0.1,0.05,60
lm_gen_qwen1.5b,template,top3_wrong_pick,0.0,-0.0833,0.0833,60
lm_gen_qwen1.5b,prior,top1,-0.1167,-0.175,-0.0583,240
lm_gen_qwen1.5b,prior,top1_clean,-0.2,-0.3333,-0.0833,60
lm_gen_qwen1.5b,prior,top1_partial,-0.1333,-0.2667,0.0,60
lm_gen_qwen1.5b,prior,top1_wrong_label,-0.0667,-0.1667,0.0333,60
lm_gen_qwen1.5b,prior,top1_wrong_pick,-0.0667,-0.15,0.0004,60
lm_gen_qwen1.5b,prior,top3,-0.0708,-0.1125,-0.0333,240
lm_gen_qwen1.5b,prior,top3_clean,-0.1,-0.1833,-0.0333,60
lm_gen_qwen1.5b,prior,top3_partial,-0.1167,-0.2,-0.0333,60
lm_gen_qwen1.5b,prior,top3_wrong_label,-0.05,-0.1167,0.0167,60
lm_gen_qwen1.5b,prior,top3_wrong_pick,-0.0167,-0.1,0.05,60
lm_gen_qwen3b,embed,top1,0.1083,0.0667,0.1542,240
lm_gen_qwen3b,embed,top1_clean,0.2,0.1,0.3,60
lm_gen_qwen3b,embed,top1_partial,0.1667,0.0667,0.2833,60
lm_gen_qwen3b,embed,top1_wrong_label,0.0333,-0.0333,0.1,60
lm_gen_qwen3b,embed,top1_wrong_pick,0.0333,-0.0333,0.1,60
lm_gen_qwen3b,embed,top3,0.0625,0.0125,0.1125,240
lm_gen_qwen3b,embed,top3_clean,0.1,0.0,0.2,60
lm_gen_qwen3b,embed,top3_partial,0.0833,-0.0167,0.2,60
lm_gen_qwen3b,embed,top3_wrong_label,0.05,-0.05,0.1667,60
lm_gen_qwen3b,embed,top3_wrong_pick,0.0167,-0.0833,0.1167,60
lm_gen_qwen3b,template,top1,0.0125,-0.025,0.05,240
lm_gen_qwen3b,template,top1_clean,0.05,-0.0167,0.1167,60
lm_gen_qwen3b,template,top1_partial,0.0167,-0.05,0.0833,60
lm_gen_qwen3b,template,top1_wrong_label,0.0,-0.0833,0.0833,60
lm_gen_qwen3b,template,top1_wrong_pick,-0.0167,-0.1,0.05,60
lm_gen_qwen3b,template,top3,-0.0208,-0.0583,0.0125,240
lm_gen_qwen3b,template,top3_clean,-0.0167,-0.0833,0.0333,60
lm_gen_qwen3b,template,top3_partial,-0.0333,-0.0833,0.0,60
lm_gen_qwen3b,template,top3_wrong_label,0.0167,-0.0667,0.1,60
lm_gen_qwen3b,template,top3_wrong_pick,-0.05,-0.1333,0.0333,60
lm_gen_qwen3b,prior,top1,-0.075,-0.1333,-0.0208,240
lm_gen_qwen3b,prior,top1_clean,-0.0833,-0.2,0.0333,60
lm_gen_qwen3b,prior,top1_partial,-0.0333,-0.15,0.0837,60
lm_gen_qwen3b,prior,top1_wrong_label,-0.0833,-0.2,0.0333,60
lm_gen_qwen3b,prior,top1_wrong_pick,-0.1,-0.2,-0.0167,60
lm_gen_qwen3b,prior,top3,-0.0708,-0.1125,-0.0332,240
lm_gen_qwen3b,prior,top3_clean,-0.0833,-0.1667,-0.0167,60
lm_gen_qwen3b,prior,top3_partial,-0.1167,-0.2,-0.05,60
lm_gen_qwen3b,prior,top3_wrong_label,-0.0167,-0.0833,0.05,60
lm_gen_qwen3b,prior,top3_wrong_pick,-0.0667,-0.1667,0.0167,60
lm_gen_smol1.7b,embed,top1,0.0625,0.0083,0.1167,240
lm_gen_smol1.7b,embed,top1_clean,0.1,-0.0333,0.2333,60
lm_gen_smol1.7b,embed,top1_partial,0.1167,-0.0167,0.25,60
lm_gen_smol1.7b,embed,top1_wrong_label,0.0333,-0.05,0.1167,60
lm_gen_smol1.7b,embed,top1_wrong_pick,0.0,-0.05,0.05,60
lm_gen_smol1.7b,embed,top3,0.0542,0.0,0.1083,240
lm_gen_smol1.7b,embed,top3_clean,0.05,-0.0667,0.1667,60
lm_gen_smol1.7b,embed,top3_partial,0.0667,-0.05,0.1833,60
lm_gen_smol1.7b,embed,top3_wrong_label,0.0667,-0.0333,0.1667,60
lm_gen_smol1.7b,embed,top3_wrong_pick,0.0333,-0.0833,0.15,60
lm_gen_smol1.7b,template,top1,-0.0333,-0.075,0.0083,240
lm_gen_smol1.7b,template,top1_clean,-0.05,-0.15,0.05,60
lm_gen_smol1.7b,template,top1_partial,-0.0333,-0.1333,0.05,60
lm_gen_smol1.7b,template,top1_wrong_label,0.0,-0.0833,0.0833,60
lm_gen_smol1.7b,template,top1_wrong_pick,-0.05,-0.1167,0.0,60
lm_gen_smol1.7b,template,top3,-0.0292,-0.0667,0.0083,240
lm_gen_smol1.7b,template,top3_clean,-0.0667,-0.15,0.0,60
lm_gen_smol1.7b,template,top3_partial,-0.05,-0.1333,0.0167,60
lm_gen_smol1.7b,template,top3_wrong_label,0.0333,-0.0333,0.1,60
lm_gen_smol1.7b,template,top3_wrong_pick,-0.0333,-0.1333,0.05,60
lm_gen_smol1.7b,prior,top1,-0.1208,-0.1833,-0.0624,240
lm_gen_smol1.7b,prior,top1_clean,-0.1833,-0.3171,-0.05,60
lm_gen_smol1.7b,prior,top1_partial,-0.0833,-0.2167,0.05,60
lm_gen_smol1.7b,prior,top1_wrong_label,-0.0833,-0.2,0.0333,60
lm_gen_smol1.7b,prior,top1_wrong_pick,-0.1333,-0.2167,-0.05,60
lm_gen_smol1.7b,prior,top3,-0.0792,-0.125,-0.0333,240
lm_gen_smol1.7b,prior,top3_clean,-0.1333,-0.2167,-0.05,60
lm_gen_smol1.7b,prior,top3_partial,-0.1333,-0.2167,-0.05,60
lm_gen_smol1.7b,prior,top3_wrong_label,0.0,-0.0833,0.0833,60
lm_gen_smol1.7b,prior,top3_wrong_pick,-0.05,-0.15,0.05,60
lm_pmi_phi3.5,embed,top1,-0.1792,-0.2458,-0.1125,240
lm_pmi_phi3.5,embed,top1_clean,-0.3167,-0.4667,-0.1667,60
lm_pmi_phi3.5,embed,top1_partial,-0.3333,-0.4833,-0.1833,60
lm_pmi_phi3.5,embed,top1_wrong_label,-0.0333,-0.1333,0.0667,60
lm_pmi_phi3.5,embed,top1_wrong_pick,-0.0333,-0.1333,0.05,60
lm_pmi_phi3.5,embed,top3,-0.2167,-0.2875,-0.1458,240
lm_pmi_phi3.5,embed,top3_clean,-0.3333,-0.5,-0.1667,60
lm_pmi_phi3.5,embed,top3_partial,-0.35,-0.5167,-0.2,60
lm_pmi_phi3.5,embed,top3_wrong_label,-0.0833,-0.2,0.0167,60
lm_pmi_phi3.5,embed,top3_wrong_pick,-0.1,-0.2167,0.0167,60
lm_pmi_phi3.5,template,top1,-0.275,-0.3417,-0.2125,240
lm_pmi_phi3.5,template,top1_clean,-0.4667,-0.6167,-0.3167,60
lm_pmi_phi3.5,template,top1_partial,-0.4833,-0.6167,-0.3667,60
lm_pmi_phi3.5,template,top1_wrong_label,-0.0667,-0.1667,0.0333,60
lm_pmi_phi3.5,template,top1_wrong_pick,-0.0833,-0.1833,0.0,60
lm_pmi_phi3.5,template,top3,-0.3,-0.3625,-0.2375,240
lm_pmi_phi3.5,template,top3_clean,-0.45,-0.5833,-0.3167,60
lm_pmi_phi3.5,template,top3_partial,-0.4667,-0.6,-0.3333,60
lm_pmi_phi3.5,template,top3_wrong_label,-0.1167,-0.2167,-0.0333,60
lm_pmi_phi3.5,template,top3_wrong_pick,-0.1667,-0.2833,-0.05,60
lm_pmi_phi3.5,prior,top1,-0.3625,-0.4333,-0.2958,240
lm_pmi_phi3.5,prior,top1_clean,-0.6,-0.7333,-0.4667,60
lm_pmi_phi3.5,prior,top1_partial,-0.5333,-0.6667,-0.3833,60
lm_pmi_phi3.5,prior,top1_wrong_label,-0.15,-0.2667,-0.0333,60
lm_pmi_phi3.5,prior,top1_wrong_pick,-0.1667,-0.2833,-0.05,60
lm_pmi_phi3.5,prior,top3,-0.35,-0.4125,-0.2875,240
lm_pmi_phi3.5,prior,top3_clean,-0.5167,-0.65,-0.3833,60
lm_pmi_phi3.5,prior,top3_partial,-0.55,-0.6667,-0.4333,60
lm_pmi_phi3.5,prior,top3_wrong_label,-0.15,-0.2667,-0.05,60
lm_pmi_phi3.5,prior,top3_wrong_pick,-0.1833,-0.3,-0.0833,60
lm_pmi_qwen1.5b,embed,top1,-0.225,-0.2833,-0.1667,240
lm_pmi_qwen1.5b,embed,top1_clean,-0.3833,-0.5167,-0.25,60
lm_pmi_qwen1.5b,embed,top1_partial,-0.4167,-0.55,-0.2833,60
lm_pmi_qwen1.5b,embed,top1_wrong_label,-0.05,-0.1333,0.0167,60
lm_pmi_qwen1.5b,embed,top1_wrong_pick,-0.05,-0.1167,0.0167,60
lm_pmi_qwen1.5b,embed,top3,-0.175,-0.2375,-0.1083,240
lm_pmi_qwen1.5b,embed,top3_clean,-0.3,-0.45,-0.1667,60
lm_pmi_qwen1.5b,embed,top3_partial,-0.3167,-0.4337,-0.2,60
lm_pmi_qwen1.5b,embed,top3_wrong_label,0.0,-0.1167,0.1167,60
lm_pmi_qwen1.5b,embed,top3_wrong_pick,-0.0833,-0.2,0.0333,60
lm_pmi_qwen1.5b,template,top1,-0.3208,-0.3833,-0.2583,240
lm_pmi_qwen1.5b,template,top1_clean,-0.5333,-0.65,-0.4167,60
lm_pmi_qwen1.5b,template,top1_partial,-0.5667,-0.7,-0.4333,60
lm_pmi_qwen1.5b,template,top1_wrong_label,-0.0833,-0.1833,0.0167,60
lm_pmi_qwen1.5b,template,top1_wrong_pick,-0.1,-0.2,-0.0167,60
lm_pmi_qwen1.5b,template,top3,-0.2583,-0.3208,-0.1958,240
lm_pmi_qwen1.5b,template,top3_clean,-0.4167,-0.5333,-0.3,60
lm_pmi_qwen1.5b,template,top3_partial,-0.4333,-0.55,-0.3167,60
lm_pmi_qwen1.5b,template,top3_wrong_label,-0.0333,-0.15,0.0833,60
lm_pmi_qwen1.5b,template,top3_wrong_pick,-0.15,-0.2667,-0.0333,60
lm_pmi_qwen1.5b,prior,top1,-0.4083,-0.4792,-0.3375,240
lm_pmi_qwen1.5b,prior,top1_clean,-0.6667,-0.7837,-0.5333,60
lm_pmi_qwen1.5b,prior,top1_partial,-0.6167,-0.75,-0.4667,60
lm_pmi_qwen1.5b,prior,top1_wrong_label,-0.1667,-0.2833,-0.05,60
lm_pmi_qwen1.5b,prior,top1_wrong_pick,-0.1833,-0.3,-0.0833,60
lm_pmi_qwen1.5b,prior,top3,-0.3083,-0.375,-0.2417,240
lm_pmi_qwen1.5b,prior,top3_clean,-0.4833,-0.6167,-0.35,60
lm_pmi_qwen1.5b,prior,top3_partial,-0.5167,-0.6333,-0.3833,60
lm_pmi_qwen1.5b,prior,top3_wrong_label,-0.0667,-0.1833,0.0667,60
lm_pmi_qwen1.5b,prior,top3_wrong_pick,-0.1667,-0.2833,-0.05,60
lm_pmi_qwen3b,embed,top1,-0.1542,-0.2125,-0.0958,240
lm_pmi_qwen3b,embed,top1_clean,-0.2333,-0.3833,-0.0833,60
lm_pmi_qwen3b,embed,top1_partial,-0.3167,-0.45,-0.1833,60
lm_pmi_qwen3b,embed,top1_wrong_label,-0.0333,-0.1,0.0333,60
lm_pmi_qwen3b,embed,top1_wrong_pick,-0.0333,-0.1333,0.05,60
lm_pmi_qwen3b,embed,top3,-0.1792,-0.2417,-0.1167,240
lm_pmi_qwen3b,embed,top3_clean,-0.3167,-0.45,-0.1833,60
lm_pmi_qwen3b,embed,top3_partial,-0.3167,-0.45,-0.1833,60
lm_pmi_qwen3b,embed,top3_wrong_label,-0.05,-0.15,0.05,60
lm_pmi_qwen3b,embed,top3_wrong_pick,-0.0333,-0.15,0.0833,60
lm_pmi_qwen3b,template,top1,-0.25,-0.3125,-0.1917,240
lm_pmi_qwen3b,template,top1_clean,-0.3833,-0.5167,-0.25,60
lm_pmi_qwen3b,template,top1_partial,-0.4667,-0.5833,-0.3333,60
lm_pmi_qwen3b,template,top1_wrong_label,-0.0667,-0.15,0.0167,60
lm_pmi_qwen3b,template,top1_wrong_pick,-0.0833,-0.1833,0.0,60
lm_pmi_qwen3b,template,top3,-0.2625,-0.325,-0.2,240
lm_pmi_qwen3b,template,top3_clean,-0.4333,-0.5667,-0.3,60
lm_pmi_qwen3b,template,top3_partial,-0.4333,-0.55,-0.3167,60
lm_pmi_qwen3b,template,top3_wrong_label,-0.0833,-0.1833,0.0167,60
lm_pmi_qwen3b,template,top3_wrong_pick,-0.1,-0.2167,0.0167,60
lm_pmi_qwen3b,prior,top1,-0.3375,-0.4083,-0.2708,240
lm_pmi_qwen3b,prior,top1_clean,-0.5167,-0.65,-0.3667,60
lm_pmi_qwen3b,prior,top1_partial,-0.5167,-0.6667,-0.3667,60
lm_pmi_qwen3b,prior,top1_wrong_label,-0.15,-0.2667,-0.0333,60
lm_pmi_qwen3b,prior,top1_wrong_pick,-0.1667,-0.2833,-0.05,60
lm_pmi_qwen3b,prior,top3,-0.3125,-0.375,-0.2458,240
lm_pmi_qwen3b,prior,top3_clean,-0.5,-0.6333,-0.3833,60
lm_pmi_qwen3b,prior,top3_partial,-0.5167,-0.65,-0.3833,60
lm_pmi_qwen3b,prior,top3_wrong_label,-0.1167,-0.2333,0.0,60
lm_pmi_qwen3b,prior,top3_wrong_pick,-0.1167,-0.2333,0.0,60
lm_pmi_smol1.7b,embed,top1,-0.1542,-0.2125,-0.0958,240
lm_pmi_smol1.7b,embed,top1_clean,-0.25,-0.4,-0.1,60
lm_pmi_smol1.7b,embed,top1_partial,-0.2833,-0.4167,-0.1333,60
lm_pmi_smol1.7b,embed,top1_wrong_label,-0.05,-0.1171,0.0167,60
lm_pmi_smol1.7b,embed,top1_wrong_pick,-0.0333,-0.1,0.0333,60
lm_pmi_smol1.7b,embed,top3,-0.15,-0.2167,-0.0833,240
lm_pmi_smol1.7b,embed,top3_clean,-0.2333,-0.3833,-0.0833,60
lm_pmi_smol1.7b,embed,top3_partial,-0.2667,-0.4167,-0.1167,60
lm_pmi_smol1.7b,embed,top3_wrong_label,-0.05,-0.15,0.05,60
lm_pmi_smol1.7b,embed,top3_wrong_pick,-0.05,-0.1667,0.05,60
lm_pmi_smol1.7b,template,top1,-0.25,-0.3083,-0.1917,240
lm_pmi_smol1.7b,template,top1_clean,-0.4,-0.5333,-0.2667,60
lm_pmi_smol1.7b,template,top1_partial,-0.4333,-0.5667,-0.3,60
lm_pmi_smol1.7b,template,top1_wrong_label,-0.0833,-0.1667,0.0,60
lm_pmi_smol1.7b,template,top1_wrong_pick,-0.0833,-0.1667,0.0,60
lm_pmi_smol1.7b,template,top3,-0.2333,-0.3,-0.1667,240
lm_pmi_smol1.7b,template,top3_clean,-0.35,-0.4833,-0.2167,60
lm_pmi_smol1.7b,template,top3_partial,-0.3833,-0.5333,-0.2333,60
lm_pmi_smol1.7b,template,top3_wrong_label,-0.0833,-0.2,0.0333,60
lm_pmi_smol1.7b,template,top3_wrong_pick,-0.1167,-0.2333,0.0167,60
lm_pmi_smol1.7b,prior,top1,-0.3375,-0.4042,-0.2708,240
lm_pmi_smol1.7b,prior,top1_clean,-0.5333,-0.6667,-0.3833,60
lm_pmi_smol1.7b,prior,top1_partial,-0.4833,-0.6333,-0.3333,60
lm_pmi_smol1.7b,prior,top1_wrong_label,-0.1667,-0.2833,-0.05,60
lm_pmi_smol1.7b,prior,top1_wrong_pick,-0.1667,-0.2833,-0.0667,60
lm_pmi_smol1.7b,prior,top3,-0.2833,-0.35,-0.2167,240
lm_pmi_smol1.7b,prior,top3_clean,-0.4167,-0.5333,-0.3,60
lm_pmi_smol1.7b,prior,top3_partial,-0.4667,-0.6,-0.3333,60
lm_pmi_smol1.7b,prior,top3_wrong_label,-0.1167,-0.25,0.0167,60
lm_pmi_smol1.7b,prior,top3_wrong_pick,-0.1333,-0.25,-0.0167,60
lm_rank_phi3.5,embed,top1,-0.2542,-0.3208,-0.1917,240
lm_rank_phi3.5,embed,top1_clean,-0.45,-0.5833,-0.3,60
lm_rank_phi3.5,embed,top1_partial,-0.4667,-0.6,-0.3167,60
lm_rank_phi3.5,embed,top1_wrong_label,-0.05,-0.1333,0.0333,60
lm_rank_phi3.5,embed,top1_wrong_pick,-0.05,-0.1333,0.0333,60
lm_rank_phi3.5,embed,top3,-0.3208,-0.3917,-0.2458,240
lm_rank_phi3.5,embed,top3_clean,-0.55,-0.7,-0.3833,60
lm_rank_phi3.5,embed,top3_partial,-0.55,-0.6833,-0.4,60
lm_rank_phi3.5,embed,top3_wrong_label,-0.0833,-0.2,0.0333,60
lm_rank_phi3.5,embed,top3_wrong_pick,-0.1,-0.2333,0.0333,60
lm_rank_phi3.5,template,top1,-0.35,-0.4125,-0.2875,240
lm_rank_phi3.5,template,top1_clean,-0.6,-0.7333,-0.4667,60
lm_rank_phi3.5,template,top1_partial,-0.6167,-0.7333,-0.4833,60
lm_rank_phi3.5,template,top1_wrong_label,-0.0833,-0.1667,0.0,60
lm_rank_phi3.5,template,top1_wrong_pick,-0.1,-0.1833,-0.0167,60
lm_rank_phi3.5,template,top3,-0.4042,-0.4708,-0.3333,240
lm_rank_phi3.5,template,top3_clean,-0.6667,-0.7833,-0.55,60
lm_rank_phi3.5,template,top3_partial,-0.6667,-0.7833,-0.5333,60
lm_rank_phi3.5,template,top3_wrong_label,-0.1167,-0.2167,-0.0167,60
lm_rank_phi3.5,template,top3_wrong_pick,-0.1667,-0.3,-0.05,60
lm_rank_phi3.5,prior,top1,-0.4375,-0.5083,-0.3708,240
lm_rank_phi3.5,prior,top1_clean,-0.7333,-0.85,-0.6,60
lm_rank_phi3.5,prior,top1_partial,-0.6667,-0.8,-0.5167,60
lm_rank_phi3.5,prior,top1_wrong_label,-0.1667,-0.2671,-0.0667,60
lm_rank_phi3.5,prior,top1_wrong_pick,-0.1833,-0.3,-0.0833,60
lm_rank_phi3.5,prior,top3,-0.4542,-0.5208,-0.3875,240
lm_rank_phi3.5,prior,top3_clean,-0.7333,-0.85,-0.6167,60
lm_rank_phi3.5,prior,top3_partial,-0.75,-0.85,-0.6333,60
lm_rank_phi3.5,prior,top3_wrong_label,-0.15,-0.2667,-0.0333,60
lm_rank_phi3.5,prior,top3_wrong_pick,-0.1833,-0.3,-0.0667,60
lm_rank_qwen1.5b,embed,top1,-0.2958,-0.3625,-0.2292,240
lm_rank_qwen1.5b,embed,top1_clean,-0.4667,-0.6167,-0.3167,60
lm_rank_qwen1.5b,embed,top1_partial,-0.5333,-0.6667,-0.4,60
lm_rank_qwen1.5b,embed,top1_wrong_label,-0.1,-0.2,-0.0167,60
lm_rank_qwen1.5b,embed,top1_wrong_pick,-0.0833,-0.1667,0.0,60
lm_rank_qwen1.5b,embed,top3,-0.25,-0.3208,-0.1792,240
lm_rank_qwen1.5b,embed,top3_clean,-0.45,-0.5833,-0.3,60
lm_rank_qwen1.5b,embed,top3_partial,-0.4667,-0.6167,-0.3167,60
lm_rank_qwen1.5b,embed,top3_wrong_label,-0.0333,-0.15,0.0833,60
lm_rank_qwen1.5b,embed,top3_wrong_pick,-0.05,-0.1667,0.0667,60
lm_rank_qwen1.5b,template,top1,-0.3917,-0.4583,-0.3208,240
lm_rank_qwen1.5b,template,top1_clean,-0.6167,-0.7667,-0.45,60
lm_rank_qwen1.5b,template,top1_partial,-0.6833,-0.8167,-0.55,60
lm_rank_qwen1.5b,template,top1_wrong_label,-0.1333,-0.2167,-0.05,60
lm_rank_qwen1.5b,template,top1_wrong_pick,-0.1333,-0.2333,-0.05,60
lm_rank_qwen1.5b,template,top3,-0.3333,-0.4043,-0.2625,240
lm_rank_qwen1.5b,template,top3_clean,-0.5667,-0.7,-0.4333,60
lm_rank_qwen1.5b,template,top3_partial,-0.5833,-0.7167,-0.45,60
lm_rank_qwen1.5b,template,top3_wrong_label,-0.0667,-0.2,0.0667,60
lm_rank_qwen1.5b,template,top3_wrong_pick,-0.1167,-0.2333,0.0,60
lm_rank_qwen1.5b,prior,top1,-0.4792,-0.5458,-0.4167,240
lm_rank_qwen1.5b,prior,top1_clean,-0.75,-0.85,-0.6333,60
lm_rank_qwen1.5b,prior,top1_partial,-0.7333,-0.85,-0.6167,60
lm_rank_qwen1.5b,prior,top1_wrong_label,-0.2167,-0.3167,-0.1167,60
lm_rank_qwen1.5b,prior,top1_wrong_pick,-0.2167,-0.3333,-0.1,60
lm_rank_qwen1.5b,prior,top3,-0.3833,-0.4542,-0.3125,240
lm_rank_qwen1.5b,prior,top3_clean,-0.6333,-0.75,-0.5167,60
lm_rank_qwen1.5b,prior,top3_partial,-0.6667,-0.7833,-0.55,60
lm_rank_qwen1.5b,prior,top3_wrong_label,-0.1,-0.2333,0.0333,60
lm_rank_qwen1.5b,prior,top3_wrong_pick,-0.1333,-0.25,-0.0167,60
lm_rank_qwen3b,embed,top1,-0.2292,-0.3,-0.1583,240
lm_rank_qwen3b,embed,top1_clean,-0.4,-0.5504,-0.2333,60
lm_rank_qwen3b,embed,top1_partial,-0.4333,-0.5833,-0.2667,60
lm_rank_qwen3b,embed,top1_wrong_label,-0.0333,-0.15,0.0833,60
lm_rank_qwen3b,embed,top1_wrong_pick,-0.05,-0.1333,0.0167,60
lm_rank_qwen3b,embed,top3,-0.2542,-0.3167,-0.1917,240
lm_rank_qwen3b,embed,top3_clean,-0.4333,-0.5667,-0.3167,60
lm_rank_qwen3b,embed,top3_partial,-0.4333,-0.5667,-0.3,60
lm_rank_qwen3b,embed,top3_wrong_label,-0.0667,-0.1667,0.0333,60
lm_rank_qwen3b,embed,top3_wrong_pick,-0.0833,-0.1833,0.0004,60
lm_rank_qwen3b,template,top1,-0.325,-0.3958,-0.2583,240
lm_rank_qwen3b,template,top1_clean,-0.55,-0.7,-0.3833,60
lm_rank_qwen3b,template,top1_partial,-0.5833,-0.7167,-0.4333,60
lm_rank_qwen3b,template,top1_wrong_label,-0.0667,-0.1667,0.0333,60
lm_rank_qwen3b,template,top1_wrong_pick,-0.1,-0.1833,-0.0167,60
lm_rank_qwen3b,template,top3,-0.3375,-0.4042,-0.2708,240
lm_rank_qwen3b,template,top3_clean,-0.55,-0.6833,-0.4167,60
lm_rank_qwen3b,template,top3_partial,-0.55,-0.6833,-0.4167,60
lm_rank_qwen3b,template,top3_wrong_label,-0.1,-0.2167,0.0,60
lm_rank_qwen3b,template,top3_wrong_pick,-0.15,-0.2833,-0.0333,60
lm_rank_qwen3b,prior,top1,-0.4125,-0.4833,-0.3458,240
lm_rank_qwen3b,prior,top1_clean,-0.6833,-0.8,-0.5667,60
lm_rank_qwen3b,prior,top1_partial,-0.6333,-0.7833,-0.4667,60
lm_rank_qwen3b,prior,top1_wrong_label,-0.15,-0.2667,-0.0333,60
lm_rank_qwen3b,prior,top1_wrong_pick,-0.1833,-0.3,-0.0833,60
lm_rank_qwen3b,prior,top3,-0.3875,-0.4542,-0.3208,240
lm_rank_qwen3b,prior,top3_clean,-0.6167,-0.7333,-0.5,60
lm_rank_qwen3b,prior,top3_partial,-0.6333,-0.75,-0.5167,60
lm_rank_qwen3b,prior,top3_wrong_label,-0.1333,-0.25,-0.0167,60
lm_rank_qwen3b,prior,top3_wrong_pick,-0.1667,-0.2833,-0.05,60
lm_rank_smol1.7b,embed,top1,-0.2458,-0.3084,-0.1833,240
lm_rank_smol1.7b,embed,top1_clean,-0.4,-0.55,-0.25,60
lm_rank_smol1.7b,embed,top1_partial,-0.45,-0.6,-0.3,60
lm_rank_smol1.7b,embed,top1_wrong_label,-0.0833,-0.1667,0.0,60
lm_rank_smol1.7b,embed,top1_wrong_pick,-0.05,-0.1167,0.0167,60
lm_rank_smol1.7b,embed,top3,-0.2833,-0.35,-0.2125,240
lm_rank_smol1.7b,embed,top3_clean,-0.45,-0.6,-0.3,60
lm_rank_smol1.7b,embed,top3_partial,-0.5,-0.6333,-0.35,60
lm_rank_smol1.7b,embed,top3_wrong_label,-0.0833,-0.1833,0.0167,60
lm_rank_smol1.7b,embed,top3_wrong_pick,-0.1,-0.2167,0.0167,60
lm_rank_smol1.7b,template,top1,-0.3417,-0.4083,-0.2792,240
lm_rank_smol1.7b,template,top1_clean,-0.55,-0.6833,-0.4,60
lm_rank_smol1.7b,template,top1_partial,-0.6,-0.7333,-0.4667,60
lm_rank_smol1.7b,template,top1_wrong_label,-0.1167,-0.2167,-0.0333,60
lm_rank_smol1.7b,template,top1_wrong_pick,-0.1,-0.1837,-0.0167,60
lm_rank_smol1.7b,template,top3,-0.3667,-0.4333,-0.3,240
lm_rank_smol1.7b,template,top3_clean,-0.5667,-0.7,-0.4333,60
lm_rank_smol1.7b,template,top3_partial,-0.6167,-0.7333,-0.5,60
lm_rank_smol1.7b,template,top3_wrong_label,-0.1167,-0.2167,-0.0167,60
lm_rank_smol1.7b,template,top3_wrong_pick,-0.1667,-0.2833,-0.05,60
lm_rank_smol1.7b,prior,top1,-0.4292,-0.5,-0.3583,240
lm_rank_smol1.7b,prior,top1_clean,-0.6833,-0.8167,-0.5333,60
lm_rank_smol1.7b,prior,top1_partial,-0.65,-0.8,-0.4833,60
lm_rank_smol1.7b,prior,top1_wrong_label,-0.2,-0.3167,-0.1,60
lm_rank_smol1.7b,prior,top1_wrong_pick,-0.1833,-0.3,-0.0833,60
lm_rank_smol1.7b,prior,top3,-0.4167,-0.4833,-0.35,240
lm_rank_smol1.7b,prior,top3_clean,-0.6333,-0.75,-0.5163,60
lm_rank_smol1.7b,prior,top3_partial,-0.7,-0.8167,-0.5833,60
lm_rank_smol1.7b,prior,top3_wrong_label,-0.15,-0.2667,-0.0333,60
lm_rank_smol1.7b,prior,top3_wrong_pick,-0.1833,-0.3,-0.0833,60
prior,embed,top1,0.1833,0.1208,0.2458,240
prior,embed,top1_clean,0.2833,0.15,0.4167,60
prior,embed,top1_partial,0.2,0.05,0.35,60
prior,embed,top1_wrong_label,0.1167,0.0,0.2333,60
prior,embed,top1_wrong_pick,0.1333,0.0333,0.2333,60
prior,embed,top3,0.1333,0.0833,0.1875,240
prior,embed,top3_clean,0.1833,0.0833,0.2833,60
prior,embed,top3_partial,0.2,0.1,0.3,60
prior,embed,top3_wrong_label,0.0667,-0.05,0.1833,60
prior,embed,top3_wrong_pick,0.0833,-0.0167,0.1833,60
prior,template,top1,0.0875,0.0292,0.1458,240
prior,template,top1_clean,0.1333,0.0,0.2667,60
prior,template,top1_partial,0.05,-0.0833,0.1833,60
prior,template,top1_wrong_label,0.0833,0.0,0.1833,60
prior,template,top1_wrong_pick,0.0833,0.0,0.1667,60
prior,template,top3,0.05,0.0167,0.0833,240
prior,template,top3_clean,0.0667,0.0167,0.1333,60
prior,template,top3_partial,0.0833,0.0167,0.1667,60
prior,template,top3_wrong_label,0.0333,-0.05,0.1167,60
prior,template,top3_wrong_pick,0.0167,-0.0333,0.0833,60
template,embed,top1,0.0958,0.05,0.1458,240
template,embed,top1_clean,0.15,0.0333,0.2667,60
template,embed,top1_partial,0.15,0.0333,0.2667,60
template,embed,top1_wrong_label,0.0333,-0.0333,0.1,60
template,embed,top1_wrong_pick,0.05,0.0,0.1167,60
template,embed,top3,0.0833,0.0292,0.1333,240
template,embed,top3_clean,0.1167,0.0167,0.2167,60
template,embed,top3_partial,0.1167,0.0167,0.2167,60
template,embed,top3_wrong_label,0.0333,-0.0667,0.1333,60
template,embed,top3_wrong_pick,0.0667,-0.0333,0.1833,60
template,prior,top1,-0.0875,-0.1458,-0.0292,240
template,prior,top1_clean,-0.1333,-0.2667,0.0,60
template,prior,top1_partial,-0.05,-0.1833,0.0833,60
template,prior,top1_wrong_label,-0.0833,-0.1833,0.0167,60
template,prior,top1_wrong_pick,-0.0833,-0.1667,0.0,60
template,prior,top3,-0.05,-0.0833,-0.0167,240
template,prior,top3_clean,-0.0667,-0.1333,-0.0167,60
template,prior,top3_partial,-0.0833,-0.15,-0.0167,60
template,prior,top3_wrong_label,-0.0333,-0.1167,0.05,60
template,prior,top3_wrong_pick,-0.0167,-0.0833,0.0333,60
