method,cases,median_seconds,top1,top1_ci,top3,top3_ci,top5,top5_ci,top1_clean,top3_clean,top1_partial,top3_partial,top1_wrong_label,top3_wrong_label,top1_wrong_pick,top3_wrong_pick,top3_needs,top3_information,top3_social,top3_etiquette
prior,240,0.0001,0.5375,"(0.475, 0.6042)",0.65,"(0.5875, 0.7083)",0.6542,"(0.5917, 0.7167)",0.8667,1.0,0.8,1.0,0.2333,0.2833,0.25,0.3167,0.7197,0.55,0.5,0.6786
lm_gen_phi3.5,240,0.4467,0.4708,"(0.4083, 0.5333)",0.6083,"(0.5458, 0.6708)",0.65,"(0.5875, 0.7083)",0.7667,0.95,0.7667,0.9167,0.15,0.2667,0.2,0.3,0.6894,0.525,0.55,0.4286
template,240,0.0,0.45,"(0.3875, 0.5125)",0.6,"(0.5375, 0.6625)",0.65,"(0.5917, 0.7083)",0.7333,0.9333,0.75,0.9167,0.15,0.25,0.1667,0.3,0.697,0.5,0.5,0.4286
lm_gen_qwen3b,240,0.5741,0.4625,"(0.4, 0.525)",0.5792,"(0.5167, 0.6417)",0.625,"(0.5625, 0.6875)",0.7833,0.9167,0.7667,0.8833,0.15,0.2667,0.15,0.25,0.6742,0.475,0.525,0.3571
lm_gen_qwen1.5b,240,0.4516,0.4208,"(0.3583, 0.4833)",0.5792,"(0.5167, 0.6375)",0.625,"(0.5625, 0.6833)",0.6667,0.9,0.6667,0.8833,0.1667,0.2333,0.1833,0.3,0.6818,0.4,0.525,0.4286
lm_gen_smol1.7b,240,0.27605,0.4167,"(0.3542, 0.4792)",0.5708,"(0.5083, 0.6333)",0.625,"(0.5625, 0.6875)",0.6833,0.8667,0.7167,0.8667,0.15,0.2833,0.1167,0.2667,0.6515,0.45,0.525,0.4286
embed,240,0.0062,0.3542,"(0.2917, 0.4125)",0.5167,"(0.4542, 0.5792)",0.5958,"(0.5333, 0.6583)",0.5833,0.8167,0.6,0.8,0.1167,0.2167,0.1167,0.2333,0.5985,0.325,0.4,0.5714
lm_pmi_smol1.7b,240,0.42445,0.2,"(0.15, 0.2542)",0.3667,"(0.3042, 0.425)",0.4083,"(0.3458, 0.4708)",0.3333,0.5833,0.3167,0.5333,0.0667,0.1667,0.0833,0.1833,0.447,0.35,0.325,0.0714
lm_pmi_qwen1.5b,240,0.4234,0.1292,"(0.0875, 0.1708)",0.3417,"(0.2833, 0.4)",0.4542,"(0.3917, 0.5167)",0.2,0.5167,0.1833,0.4833,0.0667,0.2167,0.0667,0.15,0.5076,0.225,0.15,0.0
lm_pmi_qwen3b,240,0.80955,0.2,"(0.15, 0.25)",0.3375,"(0.2792, 0.3958)",0.4333,"(0.3708, 0.4958)",0.35,0.5,0.2833,0.4833,0.0833,0.1667,0.0833,0.2,0.4773,0.3,0.05,0.1429
lm_pmi_phi3.5,240,1.10605,0.175,"(0.1292, 0.2208)",0.3,"(0.2417, 0.3583)",0.3708,"(0.3083, 0.4292)",0.2667,0.4833,0.2667,0.45,0.0833,0.1333,0.0833,0.1333,0.3712,0.375,0.15,0.0714
lm_choice_phi3.5,240,0.9306,0.2292,"(0.1792, 0.2833)",0.2958,"(0.2416, 0.3501)",0.2958,"(0.2417, 0.3542)",0.3333,0.4167,0.3333,0.4333,0.1167,0.1667,0.1333,0.1667,0.5076,0.05,0.0,0.0714
lm_rank_qwen1.5b,240,0.4214,0.0583,"(0.0292, 0.0875)",0.2667,"(0.2125, 0.325)",0.3,"(0.2417, 0.3583)",0.1167,0.3667,0.0667,0.3333,0.0167,0.1833,0.0333,0.1833,0.3106,0.15,0.175,0.3571
lm_rank_qwen3b,240,0.8411500000000001,0.125,"(0.0875, 0.1667)",0.2625,"(0.2083, 0.3208)",0.3208,"(0.2625, 0.3792)",0.1833,0.3833,0.1667,0.3667,0.0833,0.15,0.0667,0.15,0.3333,0.1,0.05,0.4643
lm_rank_smol1.7b,240,0.4447,0.1083,"(0.0708, 0.15)",0.2333,"(0.1792, 0.2875)",0.3083,"(0.25, 0.3626)",0.1833,0.3667,0.15,0.3,0.0333,0.1333,0.0667,0.1333,0.3182,0.075,0.05,0.3214
lm_choice_qwen3b,240,0.89075,0.1458,"(0.1, 0.1917)",0.225,"(0.1749, 0.2792)",0.225,"(0.175, 0.2792)",0.2,0.3333,0.2167,0.3167,0.0667,0.1333,0.1,0.1167,0.3333,0.125,0.05,0.1071
lm_choice_qwen1.5b,240,0.6258,0.1583,"(0.1125, 0.2083)",0.2,"(0.15, 0.25)",0.2,"(0.15, 0.25)",0.2333,0.2833,0.2667,0.3167,0.0667,0.1167,0.0667,0.0833,0.3636,0.0,0.0,0.0
lm_rank_phi3.5,240,0.996,0.1,"(0.0625, 0.1375)",0.1958,"(0.1458, 0.2458)",0.275,"(0.2208, 0.3333)",0.1333,0.2667,0.1333,0.25,0.0667,0.1333,0.0667,0.1333,0.3333,0.0,0.0,0.1071
lm_choice_smol1.7b,240,0.3931,0.0333,"(0.0125, 0.0583)",0.0583,"(0.0292, 0.0875)",0.0583,"(0.0333, 0.0875)",0.05,0.0667,0.05,0.0667,0.0167,0.05,0.0167,0.05,0.1061,0.0,0.0,0.0
