item_uid,image_id,url,item,is_it_in_the_photo(Y/N),would_a_patient_here_plausibly_want_or_mention_it(Y/N)
U0025,33909,http://images.cocodataset.org/train2017/000000033909.jpg,toilet,,
U0037,33909,http://images.cocodataset.org/train2017/000000033909.jpg,bed,,
U0086,33909,http://images.cocodataset.org/train2017/000000033909.jpg,shower curtain,,
U0114,33909,http://images.cocodataset.org/train2017/000000033909.jpg,bathtub,,
U0197,33909,http://images.cocodataset.org/train2017/000000033909.jpg,bottle,,
U0213,33909,http://images.cocodataset.org/train2017/000000033909.jpg,faucet,,
U0261,33909,http://images.cocodataset.org/train2017/000000033909.jpg,area,,
U0264,33909,http://images.cocodataset.org/train2017/000000033909.jpg,book,,
U0302,33909,http://images.cocodataset.org/train2017/000000033909.jpg,shower head,,
U0325,33909,http://images.cocodataset.org/train2017/000000033909.jpg,object,,
U0388,33909,http://images.cocodataset.org/train2017/000000033909.jpg,person,,
U0432,33909,http://images.cocodataset.org/train2017/000000033909.jpg,sink,,
U0557,33909,http://images.cocodataset.org/train2017/000000033909.jpg,bathroom,,
U0602,33909,http://images.cocodataset.org/train2017/000000033909.jpg,chair,,
U0699,33909,http://images.cocodataset.org/train2017/000000033909.jpg,toilet paper,,
U0924,33909,http://images.cocodataset.org/train2017/000000033909.jpg,toilet tissue,,
U0981,33909,http://images.cocodataset.org/train2017/000000033909.jpg,towel,,
U0992,33909,http://images.cocodataset.org/train2017/000000033909.jpg,sofa,,
U0236,36494,http://images.cocodataset.org/val2017/000000036494.jpg,restaurant,,
U0321,36494,http://images.cocodataset.org/val2017/000000036494.jpg,bed,,
U0329,36494,http://images.cocodataset.org/val2017/000000036494.jpg,people,,
U0431,36494,http://images.cocodataset.org/val2017/000000036494.jpg,dining table,,
U0437,36494,http://images.cocodataset.org/val2017/000000036494.jpg,chair,,
U0449,36494,http://images.cocodataset.org/val2017/000000036494.jpg,object,,
U0465,36494,http://images.cocodataset.org/val2017/000000036494.jpg,clock,,
U0494,36494,http://images.cocodataset.org/val2017/000000036494.jpg,area,,
U0502,36494,http://images.cocodataset.org/val2017/000000036494.jpg,plate,,
U0512,36494,http://images.cocodataset.org/val2017/000000036494.jpg,table,,
U0558,36494,http://images.cocodataset.org/val2017/000000036494.jpg,wall clock,,
U0584,36494,http://images.cocodataset.org/val2017/000000036494.jpg,group of people,,
U0665,36494,http://images.cocodataset.org/val2017/000000036494.jpg,tables,,
U0692,36494,http://images.cocodataset.org/val2017/000000036494.jpg,person,,
U0749,36494,http://images.cocodataset.org/val2017/000000036494.jpg,sink,,
U0773,36494,http://images.cocodataset.org/val2017/000000036494.jpg,wineglass,,
U0774,36494,http://images.cocodataset.org/val2017/000000036494.jpg,book,,
U0778,36494,http://images.cocodataset.org/val2017/000000036494.jpg,kettle,,
U0882,36494,http://images.cocodataset.org/val2017/000000036494.jpg,sofa,,
U0959,36494,http://images.cocodataset.org/val2017/000000036494.jpg,bottle,,
U0063,75811,http://images.cocodataset.org/train2017/000000075811.jpg,refrigerator,,
U0070,75811,http://images.cocodataset.org/train2017/000000075811.jpg,toilet paper,,
U0098,75811,http://images.cocodataset.org/train2017/000000075811.jpg,bathtub,,
U0107,75811,http://images.cocodataset.org/train2017/000000075811.jpg,bed,,
U0169,75811,http://images.cocodataset.org/train2017/000000075811.jpg,shower,,
U0219,75811,http://images.cocodataset.org/train2017/000000075811.jpg,chair,,
U0245,75811,http://images.cocodataset.org/train2017/000000075811.jpg,book,,
U0282,75811,http://images.cocodataset.org/train2017/000000075811.jpg,sink,,
U0287,75811,http://images.cocodataset.org/train2017/000000075811.jpg,towel rack,,
U0289,75811,http://images.cocodataset.org/train2017/000000075811.jpg,bathroom,,
U0307,75811,http://images.cocodataset.org/train2017/000000075811.jpg,object,,
U0318,75811,http://images.cocodataset.org/train2017/000000075811.jpg,towel,,
U0362,75811,http://images.cocodataset.org/train2017/000000075811.jpg,shower curtain,,
U0429,75811,http://images.cocodataset.org/train2017/000000075811.jpg,shower head,,
U0588,75811,http://images.cocodataset.org/train2017/000000075811.jpg,bottle,,
U0614,75811,http://images.cocodataset.org/train2017/000000075811.jpg,toilet,,
U0645,75811,http://images.cocodataset.org/train2017/000000075811.jpg,person,,
U0646,75811,http://images.cocodataset.org/train2017/000000075811.jpg,door knob,,
U0702,75811,http://images.cocodataset.org/train2017/000000075811.jpg,area,,
U0813,75811,http://images.cocodataset.org/train2017/000000075811.jpg,sofa,,
U0871,75811,http://images.cocodataset.org/train2017/000000075811.jpg,window,,
U0887,75811,http://images.cocodataset.org/train2017/000000075811.jpg,cabinet,,
U0963,75811,http://images.cocodataset.org/train2017/000000075811.jpg,toilet tissue,,
U0029,98085,http://images.cocodataset.org/train2017/000000098085.jpg,knife,,
U0139,98085,http://images.cocodataset.org/train2017/000000098085.jpg,sink,,
U0267,98085,http://images.cocodataset.org/train2017/000000098085.jpg,whipped cream,,
U0283,98085,http://images.cocodataset.org/train2017/000000098085.jpg,plate of food,,
U0333,98085,http://images.cocodataset.org/train2017/000000098085.jpg,area,,
U0337,98085,http://images.cocodataset.org/train2017/000000098085.jpg,table,,
U0368,98085,http://images.cocodataset.org/train2017/000000098085.jpg,banana,,
U0397,98085,http://images.cocodataset.org/train2017/000000098085.jpg,dining table,,
U0463,98085,http://images.cocodataset.org/train2017/000000098085.jpg,bed,,
U0471,98085,http://images.cocodataset.org/train2017/000000098085.jpg,object,,
U0513,98085,http://images.cocodataset.org/train2017/000000098085.jpg,fork,,
U0514,98085,http://images.cocodataset.org/train2017/000000098085.jpg,sofa,,
U0537,98085,http://images.cocodataset.org/train2017/000000098085.jpg,cake,,
U0539,98085,http://images.cocodataset.org/train2017/000000098085.jpg,sandwich,,
U0555,98085,http://images.cocodataset.org/train2017/000000098085.jpg,scrambled eggs,,
U0631,98085,http://images.cocodataset.org/train2017/000000098085.jpg,plate,,
U0668,98085,http://images.cocodataset.org/train2017/000000098085.jpg,book,,
U0713,98085,http://images.cocodataset.org/train2017/000000098085.jpg,doughnut,,
U0752,98085,http://images.cocodataset.org/train2017/000000098085.jpg,chair,,
U0818,98085,http://images.cocodataset.org/train2017/000000098085.jpg,person,,
U0926,98085,http://images.cocodataset.org/train2017/000000098085.jpg,bottle,,
U1004,98085,http://images.cocodataset.org/train2017/000000098085.jpg,sausage,,
U0005,101630,http://images.cocodataset.org/train2017/000000101630.jpg,toothbrush,,
U0024,101630,http://images.cocodataset.org/train2017/000000101630.jpg,chair,,
U0078,101630,http://images.cocodataset.org/train2017/000000101630.jpg,bathtub,,
U0108,101630,http://images.cocodataset.org/train2017/000000101630.jpg,bottle,,
U0135,101630,http://images.cocodataset.org/train2017/000000101630.jpg,bed,,
U0157,101630,http://images.cocodataset.org/train2017/000000101630.jpg,lotion,,
U0225,101630,http://images.cocodataset.org/train2017/000000101630.jpg,bottle of shampoo,,
U0237,101630,http://images.cocodataset.org/train2017/000000101630.jpg,book,,
U0266,101630,http://images.cocodataset.org/train2017/000000101630.jpg,hairbrush,,
U0312,101630,http://images.cocodataset.org/train2017/000000101630.jpg,towel,,
U0387,101630,http://images.cocodataset.org/train2017/000000101630.jpg,sink,,
U0405,101630,http://images.cocodataset.org/train2017/000000101630.jpg,desk,,
U0418,101630,http://images.cocodataset.org/train2017/000000101630.jpg,area,,
U0576,101630,http://images.cocodataset.org/train2017/000000101630.jpg,toothpaste,,
U0619,101630,http://images.cocodataset.org/train2017/000000101630.jpg,soap,,
U0687,101630,http://images.cocodataset.org/train2017/000000101630.jpg,mirror,,
U0719,101630,http://images.cocodataset.org/train2017/000000101630.jpg,sofa,,
U0746,101630,http://images.cocodataset.org/train2017/000000101630.jpg,object,,
U0860,101630,http://images.cocodataset.org/train2017/000000101630.jpg,toilet,,
U0889,101630,http://images.cocodataset.org/train2017/000000101630.jpg,bathroom counter,,
U0936,101630,http://images.cocodataset.org/train2017/000000101630.jpg,person,,
U0031,101816,http://images.cocodataset.org/train2017/000000101816.jpg,sink,,
U0056,101816,http://images.cocodataset.org/train2017/000000101816.jpg,woman,,
U0057,101816,http://images.cocodataset.org/train2017/000000101816.jpg,bath tub,,
U0094,101816,http://images.cocodataset.org/train2017/000000101816.jpg,bath mat,,
U0106,101816,http://images.cocodataset.org/train2017/000000101816.jpg,bottle,,
U0194,101816,http://images.cocodataset.org/train2017/000000101816.jpg,sofa,,
U0250,101816,http://images.cocodataset.org/train2017/000000101816.jpg,bathtub,,
U0315,101816,http://images.cocodataset.org/train2017/000000101816.jpg,person,,
U0336,101816,http://images.cocodataset.org/train2017/000000101816.jpg,recliner,,
U0403,101816,http://images.cocodataset.org/train2017/000000101816.jpg,chair,,
U0470,101816,http://images.cocodataset.org/train2017/000000101816.jpg,object,,
U0500,101816,http://images.cocodataset.org/train2017/000000101816.jpg,bed,,
U0544,101816,http://images.cocodataset.org/train2017/000000101816.jpg,area,,
U0674,101816,http://images.cocodataset.org/train2017/000000101816.jpg,shower curtain,,
U0704,101816,http://images.cocodataset.org/train2017/000000101816.jpg,bathroom,,
U0722,101816,http://images.cocodataset.org/train2017/000000101816.jpg,shower head,,
U0763,101816,http://images.cocodataset.org/train2017/000000101816.jpg,toilet paper,,
U0855,101816,http://images.cocodataset.org/train2017/000000101816.jpg,book,,
U0899,101816,http://images.cocodataset.org/train2017/000000101816.jpg,toilet,,
U0038,102841,http://images.cocodataset.org/train2017/000000102841.jpg,out from,,
U0047,102841,http://images.cocodataset.org/train2017/000000102841.jpg,alarm clock,,
U0102,102841,http://images.cocodataset.org/train2017/000000102841.jpg,person,,
U0104,102841,http://images.cocodataset.org/train2017/000000102841.jpg,sink,,
U0180,102841,http://images.cocodataset.org/train2017/000000102841.jpg,sofa,,
U0258,102841,http://images.cocodataset.org/train2017/000000102841.jpg,bookshelf,,
U0275,102841,http://images.cocodataset.org/train2017/000000102841.jpg,quilt,,
U0305,102841,http://images.cocodataset.org/train2017/000000102841.jpg,blanket,,
U0314,102841,http://images.cocodataset.org/train2017/000000102841.jpg,chair,,
U0406,102841,http://images.cocodataset.org/train2017/000000102841.jpg,cat,,
U0415,102841,http://images.cocodataset.org/train2017/000000102841.jpg,bookshelves,,
U0495,102841,http://images.cocodataset.org/train2017/000000102841.jpg,bowl,,
U0581,102841,http://images.cocodataset.org/train2017/000000102841.jpg,bedspread,,
U0597,102841,http://images.cocodataset.org/train2017/000000102841.jpg,bed,,
U0652,102841,http://images.cocodataset.org/train2017/000000102841.jpg,bottle,,
U0745,102841,http://images.cocodataset.org/train2017/000000102841.jpg,area,,
U0863,102841,http://images.cocodataset.org/train2017/000000102841.jpg,comforter,,
U1032,102841,http://images.cocodataset.org/train2017/000000102841.jpg,object,,
U0010,117089,http://images.cocodataset.org/train2017/000000117089.jpg,bread,,
U0033,117089,http://images.cocodataset.org/train2017/000000117089.jpg,watermelon,,
U0136,117089,http://images.cocodataset.org/train2017/000000117089.jpg,chair,,
U0148,117089,http://images.cocodataset.org/train2017/000000117089.jpg,knife,,
U0151,117089,http://images.cocodataset.org/train2017/000000117089.jpg,fork,,
U0162,117089,http://images.cocodataset.org/train2017/000000117089.jpg,bed,,
U0208,117089,http://images.cocodataset.org/train2017/000000117089.jpg,book,,
U0309,117089,http://images.cocodataset.org/train2017/000000117089.jpg,plate of french toast,,
U0313,117089,http://images.cocodataset.org/train2017/000000117089.jpg,orange juice,,
U0324,117089,http://images.cocodataset.org/train2017/000000117089.jpg,plate,,
U0352,117089,http://images.cocodataset.org/train2017/000000117089.jpg,plate topped,,
U0361,117089,http://images.cocodataset.org/train2017/000000117089.jpg,area,,
U0424,117089,http://images.cocodataset.org/train2017/000000117089.jpg,sink,,
U0440,117089,http://images.cocodataset.org/train2017/000000117089.jpg,french toast,,
U0498,117089,http://images.cocodataset.org/train2017/000000117089.jpg,person,,
U0525,117089,http://images.cocodataset.org/train2017/000000117089.jpg,glass of orange juice,,
U0675,117089,http://images.cocodataset.org/train2017/000000117089.jpg,sofa,,
U0793,117089,http://images.cocodataset.org/train2017/000000117089.jpg,napkin,,
U1009,117089,http://images.cocodataset.org/train2017/000000117089.jpg,dining table,,
U1015,117089,http://images.cocodataset.org/train2017/000000117089.jpg,object,,
U1036,117089,http://images.cocodataset.org/train2017/000000117089.jpg,table,,
U1042,117089,http://images.cocodataset.org/train2017/000000117089.jpg,bottle,,
U0072,127394,http://images.cocodataset.org/val2017/000000127394.jpg,bottle,,
U0270,127394,http://images.cocodataset.org/val2017/000000127394.jpg,fork,,
U0280,127394,http://images.cocodataset.org/val2017/000000127394.jpg,person,,
U0355,127394,http://images.cocodataset.org/val2017/000000127394.jpg,table,,
U0375,127394,http://images.cocodataset.org/val2017/000000127394.jpg,sink,,
U0461,127394,http://images.cocodataset.org/val2017/000000127394.jpg,spoon,,
U0540,127394,http://images.cocodataset.org/val2017/000000127394.jpg,soda,,
U0545,127394,http://images.cocodataset.org/val2017/000000127394.jpg,plate,,
U0575,127394,http://images.cocodataset.org/val2017/000000127394.jpg,cup,,
U0672,127394,http://images.cocodataset.org/val2017/000000127394.jpg,knife,,
U0682,127394,http://images.cocodataset.org/val2017/000000127394.jpg,dining table,,
U0771,127394,http://images.cocodataset.org/val2017/000000127394.jpg,coffee table,,
U0810,127394,http://images.cocodataset.org/val2017/000000127394.jpg,around a table,,
U0826,127394,http://images.cocodataset.org/val2017/000000127394.jpg,bed,,
U0841,127394,http://images.cocodataset.org/val2017/000000127394.jpg,food,,
U0847,127394,http://images.cocodataset.org/val2017/000000127394.jpg,sofa,,
U0861,127394,http://images.cocodataset.org/val2017/000000127394.jpg,chair,,
U0884,127394,http://images.cocodataset.org/val2017/000000127394.jpg,area,,
U0912,127394,http://images.cocodataset.org/val2017/000000127394.jpg,group of people,,
U0949,127394,http://images.cocodataset.org/val2017/000000127394.jpg,object,,
U0967,127394,http://images.cocodataset.org/val2017/000000127394.jpg,stove,,
U1020,127394,http://images.cocodataset.org/val2017/000000127394.jpg,napkin,,
U1029,127394,http://images.cocodataset.org/val2017/000000127394.jpg,book,,
U0027,129322,http://images.cocodataset.org/val2017/000000129322.jpg,toilet,,
U0125,129322,http://images.cocodataset.org/val2017/000000129322.jpg,wheelchair,,
U0175,129322,http://images.cocodataset.org/val2017/000000129322.jpg,sink,,
U0222,129322,http://images.cocodataset.org/val2017/000000129322.jpg,toilet lid,,
U0265,129322,http://images.cocodataset.org/val2017/000000129322.jpg,toilet seat,,
U0295,129322,http://images.cocodataset.org/val2017/000000129322.jpg,toilet tissue,,
U0395,129322,http://images.cocodataset.org/val2017/000000129322.jpg,bed,,
U0536,129322,http://images.cocodataset.org/val2017/000000129322.jpg,area,,
U0579,129322,http://images.cocodataset.org/val2017/000000129322.jpg,bathroom,,
U0716,129322,http://images.cocodataset.org/val2017/000000129322.jpg,chair,,
U0721,129322,http://images.cocodataset.org/val2017/000000129322.jpg,toilet paper,,
U0877,129322,http://images.cocodataset.org/val2017/000000129322.jpg,person,,
U0946,129322,http://images.cocodataset.org/val2017/000000129322.jpg,toilet tank,,
U0948,129322,http://images.cocodataset.org/val2017/000000129322.jpg,bottle,,
U0993,129322,http://images.cocodataset.org/val2017/000000129322.jpg,bathtub,,
U0994,129322,http://images.cocodataset.org/val2017/000000129322.jpg,object,,
U1012,129322,http://images.cocodataset.org/val2017/000000129322.jpg,toilet bowl,,
U1021,129322,http://images.cocodataset.org/val2017/000000129322.jpg,sofa,,
U1031,129322,http://images.cocodataset.org/val2017/000000129322.jpg,book,,
U0019,141180,http://images.cocodataset.org/train2017/000000141180.jpg,sink,,
U0020,141180,http://images.cocodataset.org/train2017/000000141180.jpg,laptop,,
U0045,141180,http://images.cocodataset.org/train2017/000000141180.jpg,laptop computer,,
U0067,141180,http://images.cocodataset.org/train2017/000000141180.jpg,pair of headphones,,
U0115,141180,http://images.cocodataset.org/train2017/000000141180.jpg,cellular telephone,,
U0185,141180,http://images.cocodataset.org/train2017/000000141180.jpg,headphones,,
U0203,141180,http://images.cocodataset.org/train2017/000000141180.jpg,dining table,,
U0408,141180,http://images.cocodataset.org/train2017/000000141180.jpg,object,,
U0419,141180,http://images.cocodataset.org/train2017/000000141180.jpg,person,,
U0473,141180,http://images.cocodataset.org/train2017/000000141180.jpg,area,,
U0542,141180,http://images.cocodataset.org/train2017/000000141180.jpg,table,,
U0611,141180,http://images.cocodataset.org/train2017/000000141180.jpg,book,,
U0655,141180,http://images.cocodataset.org/train2017/000000141180.jpg,desk,,
U0666,141180,http://images.cocodataset.org/train2017/000000141180.jpg,bottle,,
U0723,141180,http://images.cocodataset.org/train2017/000000141180.jpg,ipod,,
U0740,141180,http://images.cocodataset.org/train2017/000000141180.jpg,cell phone,,
U0785,141180,http://images.cocodataset.org/train2017/000000141180.jpg,phone,,
U0821,141180,http://images.cocodataset.org/train2017/000000141180.jpg,notebook,,
U0885,141180,http://images.cocodataset.org/train2017/000000141180.jpg,bed,,
U0940,141180,http://images.cocodataset.org/train2017/000000141180.jpg,sofa,,
U1018,141180,http://images.cocodataset.org/train2017/000000141180.jpg,chair,,
U0036,150417,http://images.cocodataset.org/val2017/000000150417.jpg,bed,,
U0049,150417,http://images.cocodataset.org/val2017/000000150417.jpg,refrigerator,,
U0069,150417,http://images.cocodataset.org/val2017/000000150417.jpg,chair,,
U0121,150417,http://images.cocodataset.org/val2017/000000150417.jpg,coffee maker,,
U0183,150417,http://images.cocodataset.org/val2017/000000150417.jpg,cake,,
U0205,150417,http://images.cocodataset.org/val2017/000000150417.jpg,person,,
U0279,150417,http://images.cocodataset.org/val2017/000000150417.jpg,dining table,,
U0300,150417,http://images.cocodataset.org/val2017/000000150417.jpg,book,,
U0347,150417,http://images.cocodataset.org/val2017/000000150417.jpg,sink,,
U0425,150417,http://images.cocodataset.org/val2017/000000150417.jpg,birthday cake,,
U0447,150417,http://images.cocodataset.org/val2017/000000150417.jpg,candles,,
U0475,150417,http://images.cocodataset.org/val2017/000000150417.jpg,cup,,
U0578,150417,http://images.cocodataset.org/val2017/000000150417.jpg,sofa,,
U0628,150417,http://images.cocodataset.org/val2017/000000150417.jpg,microwave,,
U0698,150417,http://images.cocodataset.org/val2017/000000150417.jpg,area,,
U0743,150417,http://images.cocodataset.org/val2017/000000150417.jpg,bottle,,
U0753,150417,http://images.cocodataset.org/val2017/000000150417.jpg,object,,
U0755,150417,http://images.cocodataset.org/val2017/000000150417.jpg,tissue paper,,
U0764,150417,http://images.cocodataset.org/val2017/000000150417.jpg,woman,,
U0838,150417,http://images.cocodataset.org/val2017/000000150417.jpg,flower arrangement,,
U0876,150417,http://images.cocodataset.org/val2017/000000150417.jpg,bedspread,,
U0978,150417,http://images.cocodataset.org/val2017/000000150417.jpg,walking stick,,
U0042,163589,http://images.cocodataset.org/train2017/000000163589.jpg,object,,
U0055,163589,http://images.cocodataset.org/train2017/000000163589.jpg,knife,,
U0085,163589,http://images.cocodataset.org/train2017/000000163589.jpg,wineglass,,
U0101,163589,http://images.cocodataset.org/train2017/000000163589.jpg,dining table,,
U0123,163589,http://images.cocodataset.org/train2017/000000163589.jpg,sofa,,
U0155,163589,http://images.cocodataset.org/train2017/000000163589.jpg,plate of food,,
U0171,163589,http://images.cocodataset.org/train2017/000000163589.jpg,sink,,
U0173,163589,http://images.cocodataset.org/train2017/000000163589.jpg,bed,,
U0184,163589,http://images.cocodataset.org/train2017/000000163589.jpg,wine bottle,,
U0235,163589,http://images.cocodataset.org/train2017/000000163589.jpg,book,,
U0246,163589,http://images.cocodataset.org/train2017/000000163589.jpg,glass of wine,,
U0259,163589,http://images.cocodataset.org/train2017/000000163589.jpg,sandwich,,
U0278,163589,http://images.cocodataset.org/train2017/000000163589.jpg,person,,
U0286,163589,http://images.cocodataset.org/train2017/000000163589.jpg,bottle,,
U0292,163589,http://images.cocodataset.org/train2017/000000163589.jpg,wine,,
U0299,163589,http://images.cocodataset.org/train2017/000000163589.jpg,area,,
U0564,163589,http://images.cocodataset.org/train2017/000000163589.jpg,can,,
U0653,163589,http://images.cocodataset.org/train2017/000000163589.jpg,napkin,,
U0791,163589,http://images.cocodataset.org/train2017/000000163589.jpg,wine glass,,
U0859,163589,http://images.cocodataset.org/train2017/000000163589.jpg,bread,,
U0894,163589,http://images.cocodataset.org/train2017/000000163589.jpg,table topped,,
U0925,163589,http://images.cocodataset.org/train2017/000000163589.jpg,chair,,
U1019,163589,http://images.cocodataset.org/train2017/000000163589.jpg,table,,
U0095,171740,http://images.cocodataset.org/val2017/000000171740.jpg,clock,,
U0120,171740,http://images.cocodataset.org/val2017/000000171740.jpg,sofa,,
U0132,171740,http://images.cocodataset.org/val2017/000000171740.jpg,person,,
U0167,171740,http://images.cocodataset.org/val2017/000000171740.jpg,cushion,,
U0262,171740,http://images.cocodataset.org/val2017/000000171740.jpg,couch,,
U0322,171740,http://images.cocodataset.org/val2017/000000171740.jpg,living room,,
U0341,171740,http://images.cocodataset.org/val2017/000000171740.jpg,recliner,,
U0488,171740,http://images.cocodataset.org/val2017/000000171740.jpg,coffee table,,
U0490,171740,http://images.cocodataset.org/val2017/000000171740.jpg,lampshade,,
U0509,171740,http://images.cocodataset.org/val2017/000000171740.jpg,book,,
U0593,171740,http://images.cocodataset.org/val2017/000000171740.jpg,bottle,,
U0600,171740,http://images.cocodataset.org/val2017/000000171740.jpg,bed,,
U0689,171740,http://images.cocodataset.org/val2017/000000171740.jpg,desk,,
U0697,171740,http://images.cocodataset.org/val2017/000000171740.jpg,object,,
U0729,171740,http://images.cocodataset.org/val2017/000000171740.jpg,shelf,,
U0836,171740,http://images.cocodataset.org/val2017/000000171740.jpg,chair,,
U0897,171740,http://images.cocodataset.org/val2017/000000171740.jpg,lamp,,
U0932,171740,http://images.cocodataset.org/val2017/000000171740.jpg,area,,
U0950,171740,http://images.cocodataset.org/val2017/000000171740.jpg,sink,,
U0974,171740,http://images.cocodataset.org/val2017/000000171740.jpg,table,,
U0129,173968,http://images.cocodataset.org/train2017/000000173968.jpg,bed,,
U0177,173968,http://images.cocodataset.org/train2017/000000173968.jpg,towel,,
U0179,173968,http://images.cocodataset.org/train2017/000000173968.jpg,area,,
U0191,173968,http://images.cocodataset.org/train2017/000000173968.jpg,soap,,
U0238,173968,http://images.cocodataset.org/train2017/000000173968.jpg,toilet tissue,,
U0301,173968,http://images.cocodataset.org/train2017/000000173968.jpg,book,,
U0430,173968,http://images.cocodataset.org/train2017/000000173968.jpg,object,,
U0524,173968,http://images.cocodataset.org/train2017/000000173968.jpg,hand towel,,
U0606,173968,http://images.cocodataset.org/train2017/000000173968.jpg,mirror,,
U0638,173968,http://images.cocodataset.org/train2017/000000173968.jpg,toothbrush,,
U0766,173968,http://images.cocodataset.org/train2017/000000173968.jpg,toilet,,
U0770,173968,http://images.cocodataset.org/train2017/000000173968.jpg,person,,
U0792,173968,http://images.cocodataset.org/train2017/000000173968.jpg,bottle,,
U0849,173968,http://images.cocodataset.org/train2017/000000173968.jpg,bathtub,,
U0856,173968,http://images.cocodataset.org/train2017/000000173968.jpg,sink,,
U0890,173968,http://images.cocodataset.org/train2017/000000173968.jpg,sofa,,
U0891,173968,http://images.cocodataset.org/train2017/000000173968.jpg,rug,,
U0955,173968,http://images.cocodataset.org/train2017/000000173968.jpg,shower curtain,,
U0970,173968,http://images.cocodataset.org/train2017/000000173968.jpg,chair,,
U0979,173968,http://images.cocodataset.org/train2017/000000173968.jpg,bathroom,,
U0996,173968,http://images.cocodataset.org/train2017/000000173968.jpg,bedspread,,
U0998,173968,http://images.cocodataset.org/train2017/000000173968.jpg,toilet paper,,
U0071,175364,http://images.cocodataset.org/val2017/000000175364.jpg,kitchen,,
U0109,175364,http://images.cocodataset.org/val2017/000000175364.jpg,person,,
U0138,175364,http://images.cocodataset.org/val2017/000000175364.jpg,book,,
U0158,175364,http://images.cocodataset.org/val2017/000000175364.jpg,dining table,,
U0186,175364,http://images.cocodataset.org/val2017/000000175364.jpg,dishwasher,,
U0303,175364,http://images.cocodataset.org/val2017/000000175364.jpg,toaster,,
U0327,175364,http://images.cocodataset.org/val2017/000000175364.jpg,kitchen sink,,
U0391,175364,http://images.cocodataset.org/val2017/000000175364.jpg,stainless steel appliances,,
U0401,175364,http://images.cocodataset.org/val2017/000000175364.jpg,stove,,
U0462,175364,http://images.cocodataset.org/val2017/000000175364.jpg,coffee maker,,
U0482,175364,http://images.cocodataset.org/val2017/000000175364.jpg,sofa,,
U0566,175364,http://images.cocodataset.org/val2017/000000175364.jpg,refrigerator,,
U0580,175364,http://images.cocodataset.org/val2017/000000175364.jpg,oven,,
U0598,175364,http://images.cocodataset.org/val2017/000000175364.jpg,bottle,,
U0616,175364,http://images.cocodataset.org/val2017/000000175364.jpg,bed,,
U0667,175364,http://images.cocodataset.org/val2017/000000175364.jpg,microwave oven,,
U0789,175364,http://images.cocodataset.org/val2017/000000175364.jpg,chair,,
U0831,175364,http://images.cocodataset.org/val2017/000000175364.jpg,sink,,
U0840,175364,http://images.cocodataset.org/val2017/000000175364.jpg,kettle,,
U0919,175364,http://images.cocodataset.org/val2017/000000175364.jpg,object,,
U0953,175364,http://images.cocodataset.org/val2017/000000175364.jpg,table,,
U0956,175364,http://images.cocodataset.org/val2017/000000175364.jpg,area,,
U0084,189045,http://images.cocodataset.org/train2017/000000189045.jpg,bedspread,,
U0176,189045,http://images.cocodataset.org/train2017/000000189045.jpg,birdcage,,
U0234,189045,http://images.cocodataset.org/train2017/000000189045.jpg,object,,
U0306,189045,http://images.cocodataset.org/train2017/000000189045.jpg,pillows,,
U0360,189045,http://images.cocodataset.org/train2017/000000189045.jpg,made up,,
U0367,189045,http://images.cocodataset.org/train2017/000000189045.jpg,bed that,,
U0411,189045,http://images.cocodataset.org/train2017/000000189045.jpg,area,,
U0434,189045,http://images.cocodataset.org/train2017/000000189045.jpg,quilt,,
U0441,189045,http://images.cocodataset.org/train2017/000000189045.jpg,lamp,,
U0452,189045,http://images.cocodataset.org/train2017/000000189045.jpg,book,,
U0522,189045,http://images.cocodataset.org/train2017/000000189045.jpg,blankets,,
U0531,189045,http://images.cocodataset.org/train2017/000000189045.jpg,person,,
U0583,189045,http://images.cocodataset.org/train2017/000000189045.jpg,birdhouses,,
U0589,189045,http://images.cocodataset.org/train2017/000000189045.jpg,sofa,,
U0634,189045,http://images.cocodataset.org/train2017/000000189045.jpg,wall clock,,
U0681,189045,http://images.cocodataset.org/train2017/000000189045.jpg,pillow,,
U0709,189045,http://images.cocodataset.org/train2017/000000189045.jpg,dresser,,
U0783,189045,http://images.cocodataset.org/train2017/000000189045.jpg,chair,,
U0830,189045,http://images.cocodataset.org/train2017/000000189045.jpg,alarm clock,,
U0864,189045,http://images.cocodataset.org/train2017/000000189045.jpg,bed,,
U0929,189045,http://images.cocodataset.org/train2017/000000189045.jpg,bottle,,
U0995,189045,http://images.cocodataset.org/train2017/000000189045.jpg,sink,,
U1044,189045,http://images.cocodataset.org/train2017/000000189045.jpg,clothes rack,,
U0011,193047,http://images.cocodataset.org/train2017/000000193047.jpg,painting,,
U0065,193047,http://images.cocodataset.org/train2017/000000193047.jpg,paintbrush,,
U0145,193047,http://images.cocodataset.org/train2017/000000193047.jpg,coveralls,,
U0182,193047,http://images.cocodataset.org/train2017/000000193047.jpg,wall,,
U0351,193047,http://images.cocodataset.org/train2017/000000193047.jpg,person,,
U0356,193047,http://images.cocodataset.org/train2017/000000193047.jpg,dining table,,
U0373,193047,http://images.cocodataset.org/train2017/000000193047.jpg,painting a wall,,
U0376,193047,http://images.cocodataset.org/train2017/000000193047.jpg,man,,
U0380,193047,http://images.cocodataset.org/train2017/000000193047.jpg,newspaper,,
U0468,193047,http://images.cocodataset.org/train2017/000000193047.jpg,fan,,
U0559,193047,http://images.cocodataset.org/train2017/000000193047.jpg,mirror,,
U0569,193047,http://images.cocodataset.org/train2017/000000193047.jpg,cat,,
U0629,193047,http://images.cocodataset.org/train2017/000000193047.jpg,book,,
U0633,193047,http://images.cocodataset.org/train2017/000000193047.jpg,jacket,,
U0639,193047,http://images.cocodataset.org/train2017/000000193047.jpg,paint bucket,,
U0756,193047,http://images.cocodataset.org/train2017/000000193047.jpg,bottle,,
U0784,193047,http://images.cocodataset.org/train2017/000000193047.jpg,sink,,
U0798,193047,http://images.cocodataset.org/train2017/000000193047.jpg,bed,,
U0799,193047,http://images.cocodataset.org/train2017/000000193047.jpg,chair,,
U0820,193047,http://images.cocodataset.org/train2017/000000193047.jpg,object,,
U0901,193047,http://images.cocodataset.org/train2017/000000193047.jpg,area,,
U0976,193047,http://images.cocodataset.org/train2017/000000193047.jpg,sofa,,
U0988,193047,http://images.cocodataset.org/train2017/000000193047.jpg,hazmat suit,,
U0003,195754,http://images.cocodataset.org/val2017/000000195754.jpg,sink,,
U0074,195754,http://images.cocodataset.org/val2017/000000195754.jpg,ottoman,,
U0077,195754,http://images.cocodataset.org/val2017/000000195754.jpg,living room,,
U0181,195754,http://images.cocodataset.org/val2017/000000195754.jpg,armchair,,
U0190,195754,http://images.cocodataset.org/val2017/000000195754.jpg,wheelchair,,
U0211,195754,http://images.cocodataset.org/val2017/000000195754.jpg,sofa,,
U0229,195754,http://images.cocodataset.org/val2017/000000195754.jpg,bed,,
U0242,195754,http://images.cocodataset.org/val2017/000000195754.jpg,lamp,,
U0272,195754,http://images.cocodataset.org/val2017/000000195754.jpg,television set,,
U0328,195754,http://images.cocodataset.org/val2017/000000195754.jpg,object,,
U0451,195754,http://images.cocodataset.org/val2017/000000195754.jpg,furniture,,
U0456,195754,http://images.cocodataset.org/val2017/000000195754.jpg,recliner,,
U0469,195754,http://images.cocodataset.org/val2017/000000195754.jpg,person,,
U0505,195754,http://images.cocodataset.org/val2017/000000195754.jpg,television,,
U0630,195754,http://images.cocodataset.org/val2017/000000195754.jpg,couches,,
U0635,195754,http://images.cocodataset.org/val2017/000000195754.jpg,tv,,
U0688,195754,http://images.cocodataset.org/val2017/000000195754.jpg,chair,,
U0710,195754,http://images.cocodataset.org/val2017/000000195754.jpg,coffee table,,
U0718,195754,http://images.cocodataset.org/val2017/000000195754.jpg,bottle,,
U0761,195754,http://images.cocodataset.org/val2017/000000195754.jpg,book,,
U0796,195754,http://images.cocodataset.org/val2017/000000195754.jpg,area,,
U0928,195754,http://images.cocodataset.org/val2017/000000195754.jpg,couch,,
U0972,195754,http://images.cocodataset.org/val2017/000000195754.jpg,fireplace,,
U0016,200548,http://images.cocodataset.org/train2017/000000200548.jpg,chair,,
U0046,200548,http://images.cocodataset.org/train2017/000000200548.jpg,person,,
U0154,200548,http://images.cocodataset.org/train2017/000000200548.jpg,sink,,
U0201,200548,http://images.cocodataset.org/train2017/000000200548.jpg,mirror,,
U0217,200548,http://images.cocodataset.org/train2017/000000200548.jpg,toilet tissue,,
U0224,200548,http://images.cocodataset.org/train2017/000000200548.jpg,area,,
U0417,200548,http://images.cocodataset.org/train2017/000000200548.jpg,vase,,
U0570,200548,http://images.cocodataset.org/train2017/000000200548.jpg,object,,
U0618,200548,http://images.cocodataset.org/train2017/000000200548.jpg,book,,
U0648,200548,http://images.cocodataset.org/train2017/000000200548.jpg,toilet,,
U0669,200548,http://images.cocodataset.org/train2017/000000200548.jpg,toilet paper,,
U0768,200548,http://images.cocodataset.org/train2017/000000200548.jpg,bathtub,,
U0794,200548,http://images.cocodataset.org/train2017/000000200548.jpg,faucet,,
U0824,200548,http://images.cocodataset.org/train2017/000000200548.jpg,sofa,,
U0854,200548,http://images.cocodataset.org/train2017/000000200548.jpg,bed,,
U0896,200548,http://images.cocodataset.org/train2017/000000200548.jpg,bathroom,,
U0964,200548,http://images.cocodataset.org/train2017/000000200548.jpg,bottle,,
U0021,208778,http://images.cocodataset.org/train2017/000000208778.jpg,laptop computer,,
U0034,208778,http://images.cocodataset.org/train2017/000000208778.jpg,monitor,,
U0097,208778,http://images.cocodataset.org/train2017/000000208778.jpg,desk,,
U0170,208778,http://images.cocodataset.org/train2017/000000208778.jpg,bottle,,
U0207,208778,http://images.cocodataset.org/train2017/000000208778.jpg,coffee cup,,
U0276,208778,http://images.cocodataset.org/train2017/000000208778.jpg,man,,
U0332,208778,http://images.cocodataset.org/train2017/000000208778.jpg,bowl,,
U0342,208778,http://images.cocodataset.org/train2017/000000208778.jpg,crutch,,
U0412,208778,http://images.cocodataset.org/train2017/000000208778.jpg,bathtub,,
U0527,208778,http://images.cocodataset.org/train2017/000000208778.jpg,area,,
U0601,208778,http://images.cocodataset.org/train2017/000000208778.jpg,hospital bed,,
U0651,208778,http://images.cocodataset.org/train2017/000000208778.jpg,television set,,
U0782,208778,http://images.cocodataset.org/train2017/000000208778.jpg,sofa,,
U0786,208778,http://images.cocodataset.org/train2017/000000208778.jpg,person,,
U0812,208778,http://images.cocodataset.org/train2017/000000208778.jpg,object,,
U0846,208778,http://images.cocodataset.org/train2017/000000208778.jpg,pillow,,
U0911,208778,http://images.cocodataset.org/train2017/000000208778.jpg,chair,,
U0985,208778,http://images.cocodataset.org/train2017/000000208778.jpg,bed,,
U0987,208778,http://images.cocodataset.org/train2017/000000208778.jpg,sink,,
U1005,208778,http://images.cocodataset.org/train2017/000000208778.jpg,blanket,,
U0111,227985,http://images.cocodataset.org/val2017/000000227985.jpg,bread,,
U0144,227985,http://images.cocodataset.org/val2017/000000227985.jpg,sandwich,,
U0188,227985,http://images.cocodataset.org/val2017/000000227985.jpg,dining table,,
U0248,227985,http://images.cocodataset.org/val2017/000000227985.jpg,pizza,,
U0320,227985,http://images.cocodataset.org/val2017/000000227985.jpg,bottle,,
U0374,227985,http://images.cocodataset.org/val2017/000000227985.jpg,plate topped,,
U0396,227985,http://images.cocodataset.org/val2017/000000227985.jpg,napkin,,
U0400,227985,http://images.cocodataset.org/val2017/000000227985.jpg,knife,,
U0478,227985,http://images.cocodataset.org/val2017/000000227985.jpg,sofa,,
U0489,227985,http://images.cocodataset.org/val2017/000000227985.jpg,tomato,,
U0511,227985,http://images.cocodataset.org/val2017/000000227985.jpg,person,,
U0590,227985,http://images.cocodataset.org/val2017/000000227985.jpg,chair,,
U0659,227985,http://images.cocodataset.org/val2017/000000227985.jpg,object,,
U0736,227985,http://images.cocodataset.org/val2017/000000227985.jpg,area,,
U0803,227985,http://images.cocodataset.org/val2017/000000227985.jpg,lettuce,,
U0916,227985,http://images.cocodataset.org/val2017/000000227985.jpg,sink,,
U0942,227985,http://images.cocodataset.org/val2017/000000227985.jpg,book,,
U0960,227985,http://images.cocodataset.org/val2017/000000227985.jpg,bed,,
U0982,227985,http://images.cocodataset.org/val2017/000000227985.jpg,plate,,
U0146,232649,http://images.cocodataset.org/val2017/000000232649.jpg,faucet,,
U0159,232649,http://images.cocodataset.org/val2017/000000232649.jpg,bottle,,
U0198,232649,http://images.cocodataset.org/val2017/000000232649.jpg,sofa,,
U0326,232649,http://images.cocodataset.org/val2017/000000232649.jpg,object,,
U0339,232649,http://images.cocodataset.org/val2017/000000232649.jpg,picture of herself,,
U0389,232649,http://images.cocodataset.org/val2017/000000232649.jpg,sink,,
U0410,232649,http://images.cocodataset.org/val2017/000000232649.jpg,mirror,,
U0433,232649,http://images.cocodataset.org/val2017/000000232649.jpg,bed,,
U0492,232649,http://images.cocodataset.org/val2017/000000232649.jpg,area,,
U0533,232649,http://images.cocodataset.org/val2017/000000232649.jpg,toilet tissue,,
U0552,232649,http://images.cocodataset.org/val2017/000000232649.jpg,toothbrush,,
U0565,232649,http://images.cocodataset.org/val2017/000000232649.jpg,person,,
U0643,232649,http://images.cocodataset.org/val2017/000000232649.jpg,toilet paper,,
U0647,232649,http://images.cocodataset.org/val2017/000000232649.jpg,toilet,,
U0711,232649,http://images.cocodataset.org/val2017/000000232649.jpg,bathtub,,
U0732,232649,http://images.cocodataset.org/val2017/000000232649.jpg,bathroom,,
U0800,232649,http://images.cocodataset.org/val2017/000000232649.jpg,book,,
U0809,232649,http://images.cocodataset.org/val2017/000000232649.jpg,woman,,
U1010,232649,http://images.cocodataset.org/val2017/000000232649.jpg,chair,,
U1035,232649,http://images.cocodataset.org/val2017/000000232649.jpg,stool,,
U0066,239013,http://images.cocodataset.org/train2017/000000239013.jpg,bottle,,
U0113,239013,http://images.cocodataset.org/train2017/000000239013.jpg,sink,,
U0142,239013,http://images.cocodataset.org/train2017/000000239013.jpg,dining table,,
U0149,239013,http://images.cocodataset.org/train2017/000000239013.jpg,vase,,
U0228,239013,http://images.cocodataset.org/train2017/000000239013.jpg,rug,,
U0308,239013,http://images.cocodataset.org/train2017/000000239013.jpg,cushion,,
U0359,239013,http://images.cocodataset.org/train2017/000000239013.jpg,couches,,
U0453,239013,http://images.cocodataset.org/train2017/000000239013.jpg,sofa,,
U0467,239013,http://images.cocodataset.org/train2017/000000239013.jpg,living room,,
U0592,239013,http://images.cocodataset.org/train2017/000000239013.jpg,object,,
U0596,239013,http://images.cocodataset.org/train2017/000000239013.jpg,couch,,
U0615,239013,http://images.cocodataset.org/train2017/000000239013.jpg,recliner,,
U0636,239013,http://images.cocodataset.org/train2017/000000239013.jpg,pillow,,
U0637,239013,http://images.cocodataset.org/train2017/000000239013.jpg,armchair,,
U0735,239013,http://images.cocodataset.org/train2017/000000239013.jpg,coffee table,,
U0767,239013,http://images.cocodataset.org/train2017/000000239013.jpg,window,,
U0867,239013,http://images.cocodataset.org/train2017/000000239013.jpg,person,,
U0913,239013,http://images.cocodataset.org/train2017/000000239013.jpg,book,,
U0920,239013,http://images.cocodataset.org/train2017/000000239013.jpg,bed,,
U0945,239013,http://images.cocodataset.org/train2017/000000239013.jpg,area,,
U1023,239013,http://images.cocodataset.org/train2017/000000239013.jpg,chair,,
U1028,239013,http://images.cocodataset.org/train2017/000000239013.jpg,table,,
U0012,242610,http://images.cocodataset.org/train2017/000000242610.jpg,bed,,
U0064,242610,http://images.cocodataset.org/train2017/000000242610.jpg,bottle,,
U0073,242610,http://images.cocodataset.org/train2017/000000242610.jpg,dorm room,,
U0140,242610,http://images.cocodataset.org/train2017/000000242610.jpg,bowl,,
U0230,242610,http://images.cocodataset.org/train2017/000000242610.jpg,area,,
U0285,242610,http://images.cocodataset.org/train2017/000000242610.jpg,fan,,
U0298,242610,http://images.cocodataset.org/train2017/000000242610.jpg,bedspread,,
U0450,242610,http://images.cocodataset.org/train2017/000000242610.jpg,mattress,,
U0504,242610,http://images.cocodataset.org/train2017/000000242610.jpg,person,,
U0532,242610,http://images.cocodataset.org/train2017/000000242610.jpg,shirt,,
U0553,242610,http://images.cocodataset.org/train2017/000000242610.jpg,beds,,
U0642,242610,http://images.cocodataset.org/train2017/000000242610.jpg,shorts,,
U0712,242610,http://images.cocodataset.org/train2017/000000242610.jpg,chair,,
U0720,242610,http://images.cocodataset.org/train2017/000000242610.jpg,sunglasses,,
U0734,242610,http://images.cocodataset.org/train2017/000000242610.jpg,recliner,,
U0742,242610,http://images.cocodataset.org/train2017/000000242610.jpg,pillow,,
U0750,242610,http://images.cocodataset.org/train2017/000000242610.jpg,sink,,
U0777,242610,http://images.cocodataset.org/train2017/000000242610.jpg,man,,
U0834,242610,http://images.cocodataset.org/train2017/000000242610.jpg,quilt,,
U0835,242610,http://images.cocodataset.org/train2017/000000242610.jpg,object,,
U0879,242610,http://images.cocodataset.org/train2017/000000242610.jpg,sofa,,
U0006,247839,http://images.cocodataset.org/train2017/000000247839.jpg,wineglass,,
U0028,247839,http://images.cocodataset.org/train2017/000000247839.jpg,sink,,
U0089,247839,http://images.cocodataset.org/train2017/000000247839.jpg,table,,
U0126,247839,http://images.cocodataset.org/train2017/000000247839.jpg,napkin,,
U0189,247839,http://images.cocodataset.org/train2017/000000247839.jpg,book,,
U0239,247839,http://images.cocodataset.org/train2017/000000247839.jpg,tablecloth,,
U0244,247839,http://images.cocodataset.org/train2017/000000247839.jpg,object,,
U0319,247839,http://images.cocodataset.org/train2017/000000247839.jpg,bottle,,
U0366,247839,http://images.cocodataset.org/train2017/000000247839.jpg,group of people,,
U0413,247839,http://images.cocodataset.org/train2017/000000247839.jpg,chair,,
U0414,247839,http://images.cocodataset.org/train2017/000000247839.jpg,drinking beer,,
U0426,247839,http://images.cocodataset.org/train2017/000000247839.jpg,wine glasses,,
U0474,247839,http://images.cocodataset.org/train2017/000000247839.jpg,bed,,
U0477,247839,http://images.cocodataset.org/train2017/000000247839.jpg,pizza,,
U0491,247839,http://images.cocodataset.org/train2017/000000247839.jpg,area,,
U0587,247839,http://images.cocodataset.org/train2017/000000247839.jpg,sofa,,
U0625,247839,http://images.cocodataset.org/train2017/000000247839.jpg,people,,
U0694,247839,http://images.cocodataset.org/train2017/000000247839.jpg,knife,,
U0762,247839,http://images.cocodataset.org/train2017/000000247839.jpg,person,,
U0806,247839,http://images.cocodataset.org/train2017/000000247839.jpg,plate,,
U0917,247839,http://images.cocodataset.org/train2017/000000247839.jpg,glass,,
U0997,247839,http://images.cocodataset.org/train2017/000000247839.jpg,dining table,,
U1001,247839,http://images.cocodataset.org/train2017/000000247839.jpg,fork,,
U0133,257773,http://images.cocodataset.org/train2017/000000257773.jpg,spoon,,
U0251,257773,http://images.cocodataset.org/train2017/000000257773.jpg,microwave oven,,
U0256,257773,http://images.cocodataset.org/train2017/000000257773.jpg,bed,,
U0268,257773,http://images.cocodataset.org/train2017/000000257773.jpg,area,,
U0277,257773,http://images.cocodataset.org/train2017/000000257773.jpg,woman,,
U0353,257773,http://images.cocodataset.org/train2017/000000257773.jpg,pan,,
U0392,257773,http://images.cocodataset.org/train2017/000000257773.jpg,person,,
U0448,257773,http://images.cocodataset.org/train2017/000000257773.jpg,kitchen,,
U0476,257773,http://images.cocodataset.org/train2017/000000257773.jpg,fridge,,
U0479,257773,http://images.cocodataset.org/train2017/000000257773.jpg,book,,
U0530,257773,http://images.cocodataset.org/train2017/000000257773.jpg,oven,,
U0534,257773,http://images.cocodataset.org/train2017/000000257773.jpg,napkin,,
U0549,257773,http://images.cocodataset.org/train2017/000000257773.jpg,bottle,,
U0561,257773,http://images.cocodataset.org/train2017/000000257773.jpg,bread,,
U0670,257773,http://images.cocodataset.org/train2017/000000257773.jpg,chair,,
U0671,257773,http://images.cocodataset.org/train2017/000000257773.jpg,plate,,
U0701,257773,http://images.cocodataset.org/train2017/000000257773.jpg,sink,,
U0733,257773,http://images.cocodataset.org/train2017/000000257773.jpg,stove,,
U0807,257773,http://images.cocodataset.org/train2017/000000257773.jpg,object,,
U0869,257773,http://images.cocodataset.org/train2017/000000257773.jpg,sandwich,,
U0886,257773,http://images.cocodataset.org/train2017/000000257773.jpg,food,,
U0943,257773,http://images.cocodataset.org/train2017/000000257773.jpg,knife,,
U0989,257773,http://images.cocodataset.org/train2017/000000257773.jpg,sofa,,
U0026,264347,http://images.cocodataset.org/train2017/000000264347.jpg,kettle,,
U0068,264347,http://images.cocodataset.org/train2017/000000264347.jpg,dining table,,
U0215,264347,http://images.cocodataset.org/train2017/000000264347.jpg,coffee maker,,
U0232,264347,http://images.cocodataset.org/train2017/000000264347.jpg,area,,
U0273,264347,http://images.cocodataset.org/train2017/000000264347.jpg,book,,
U0323,264347,http://images.cocodataset.org/train2017/000000264347.jpg,chair,,
U0335,264347,http://images.cocodataset.org/train2017/000000264347.jpg,microwave oven,,
U0348,264347,http://images.cocodataset.org/train2017/000000264347.jpg,microwave,,
U0404,264347,http://images.cocodataset.org/train2017/000000264347.jpg,fan,,
U0428,264347,http://images.cocodataset.org/train2017/000000264347.jpg,refrigerator,,
U0472,264347,http://images.cocodataset.org/train2017/000000264347.jpg,person,,
U0515,264347,http://images.cocodataset.org/train2017/000000264347.jpg,bottle,,
U0604,264347,http://images.cocodataset.org/train2017/000000264347.jpg,object,,
U0663,264347,http://images.cocodataset.org/train2017/000000264347.jpg,sink,,
U0664,264347,http://images.cocodataset.org/train2017/000000264347.jpg,oven,,
U0717,264347,http://images.cocodataset.org/train2017/000000264347.jpg,cabinets,,
U0747,264347,http://images.cocodataset.org/train2017/000000264347.jpg,stove,,
U0801,264347,http://images.cocodataset.org/train2017/000000264347.jpg,dishwasher,,
U0804,264347,http://images.cocodataset.org/train2017/000000264347.jpg,faucet,,
U0816,264347,http://images.cocodataset.org/train2017/000000264347.jpg,window,,
U0957,264347,http://images.cocodataset.org/train2017/000000264347.jpg,counter tops,,
U0958,264347,http://images.cocodataset.org/train2017/000000264347.jpg,bed,,
U0966,264347,http://images.cocodataset.org/train2017/000000264347.jpg,long narrow kitchen,,
U0973,264347,http://images.cocodataset.org/train2017/000000264347.jpg,sofa,,
U0008,272203,http://images.cocodataset.org/train2017/000000272203.jpg,bed,,
U0223,272203,http://images.cocodataset.org/train2017/000000272203.jpg,bowl,,
U0253,272203,http://images.cocodataset.org/train2017/000000272203.jpg,lamp,,
U0254,272203,http://images.cocodataset.org/train2017/000000272203.jpg,object,,
U0263,272203,http://images.cocodataset.org/train2017/000000272203.jpg,sink,,
U0269,272203,http://images.cocodataset.org/train2017/000000272203.jpg,bedspread,,
U0304,272203,http://images.cocodataset.org/train2017/000000272203.jpg,nightstand,,
U0370,272203,http://images.cocodataset.org/train2017/000000272203.jpg,chair,,
U0384,272203,http://images.cocodataset.org/train2017/000000272203.jpg,blanket,,
U0394,272203,http://images.cocodataset.org/train2017/000000272203.jpg,person,,
U0416,272203,http://images.cocodataset.org/train2017/000000272203.jpg,area,,
U0484,272203,http://images.cocodataset.org/train2017/000000272203.jpg,pillow,,
U0518,272203,http://images.cocodataset.org/train2017/000000272203.jpg,alarm clock,,
U0595,272203,http://images.cocodataset.org/train2017/000000272203.jpg,sofa,,
U0658,272203,http://images.cocodataset.org/train2017/000000272203.jpg,bottle,,
U0765,272203,http://images.cocodataset.org/train2017/000000272203.jpg,bedroom,,
U0828,272203,http://images.cocodataset.org/train2017/000000272203.jpg,quilt,,
U0845,272203,http://images.cocodataset.org/train2017/000000272203.jpg,cushion,,
U0892,272203,http://images.cocodataset.org/train2017/000000272203.jpg,red,,
U1033,272203,http://images.cocodataset.org/train2017/000000272203.jpg,orange comforter,,
U0032,306733,http://images.cocodataset.org/val2017/000000306733.jpg,bathtub,,
U0040,306733,http://images.cocodataset.org/val2017/000000306733.jpg,shower head,,
U0152,306733,http://images.cocodataset.org/val2017/000000306733.jpg,bottle,,
U0260,306733,http://images.cocodataset.org/val2017/000000306733.jpg,sofa,,
U0340,306733,http://images.cocodataset.org/val2017/000000306733.jpg,shower,,
U0378,306733,http://images.cocodataset.org/val2017/000000306733.jpg,toilet tissue,,
U0445,306733,http://images.cocodataset.org/val2017/000000306733.jpg,object,,
U0508,306733,http://images.cocodataset.org/val2017/000000306733.jpg,shower curtain,,
U0516,306733,http://images.cocodataset.org/val2017/000000306733.jpg,toilet,,
U0517,306733,http://images.cocodataset.org/val2017/000000306733.jpg,area,,
U0554,306733,http://images.cocodataset.org/val2017/000000306733.jpg,bathroom,,
U0607,306733,http://images.cocodataset.org/val2017/000000306733.jpg,towel,,
U0620,306733,http://images.cocodataset.org/val2017/000000306733.jpg,soap,,
U0621,306733,http://images.cocodataset.org/val2017/000000306733.jpg,mirror,,
U0676,306733,http://images.cocodataset.org/val2017/000000306733.jpg,chair,,
U0775,306733,http://images.cocodataset.org/val2017/000000306733.jpg,faucet,,
U0827,306733,http://images.cocodataset.org/val2017/000000306733.jpg,bed,,
U0857,306733,http://images.cocodataset.org/val2017/000000306733.jpg,book,,
U0965,306733,http://images.cocodataset.org/val2017/000000306733.jpg,sink,,
U1000,306733,http://images.cocodataset.org/val2017/000000306733.jpg,person,,
U0000,315256,http://images.cocodataset.org/train2017/000000315256.jpg,person,,
U0050,315256,http://images.cocodataset.org/train2017/000000315256.jpg,pillow,,
U0090,315256,http://images.cocodataset.org/train2017/000000315256.jpg,lamp,,
U0118,315256,http://images.cocodataset.org/train2017/000000315256.jpg,blanket,,
U0196,315256,http://images.cocodataset.org/train2017/000000315256.jpg,quilt,,
U0271,315256,http://images.cocodataset.org/train2017/000000315256.jpg,sofa,,
U0402,315256,http://images.cocodataset.org/train2017/000000315256.jpg,sink,,
U0420,315256,http://images.cocodataset.org/train2017/000000315256.jpg,book,,
U0460,315256,http://images.cocodataset.org/train2017/000000315256.jpg,bedroom,,
U0523,315256,http://images.cocodataset.org/train2017/000000315256.jpg,chair,,
U0572,315256,http://images.cocodataset.org/train2017/000000315256.jpg,object,,
U0586,315256,http://images.cocodataset.org/train2017/000000315256.jpg,table,,
U0649,315256,http://images.cocodataset.org/train2017/000000315256.jpg,bottle,,
U0677,315256,http://images.cocodataset.org/train2017/000000315256.jpg,bedspread,,
U0700,315256,http://images.cocodataset.org/train2017/000000315256.jpg,flower arrangement,,
U0715,315256,http://images.cocodataset.org/train2017/000000315256.jpg,bed,,
U0858,315256,http://images.cocodataset.org/train2017/000000315256.jpg,area,,
U0868,315256,http://images.cocodataset.org/train2017/000000315256.jpg,painting,,
U0906,315256,http://images.cocodataset.org/train2017/000000315256.jpg,rug,,
U0933,315256,http://images.cocodataset.org/train2017/000000315256.jpg,wall,,
U1030,315256,http://images.cocodataset.org/train2017/000000315256.jpg,table lamp,,
U0004,319935,http://images.cocodataset.org/val2017/000000319935.jpg,bed,,
U0017,319935,http://images.cocodataset.org/val2017/000000319935.jpg,bowl,,
U0062,319935,http://images.cocodataset.org/val2017/000000319935.jpg,coffee table,,
U0081,319935,http://images.cocodataset.org/val2017/000000319935.jpg,table,,
U0200,319935,http://images.cocodataset.org/val2017/000000319935.jpg,window,,
U0212,319935,http://images.cocodataset.org/val2017/000000319935.jpg,area,,
U0231,319935,http://images.cocodataset.org/val2017/000000319935.jpg,object,,
U0371,319935,http://images.cocodataset.org/val2017/000000319935.jpg,lamp,,
U0439,319935,http://images.cocodataset.org/val2017/000000319935.jpg,bottle,,
U0444,319935,http://images.cocodataset.org/val2017/000000319935.jpg,person,,
U0499,319935,http://images.cocodataset.org/val2017/000000319935.jpg,sofa,,
U0528,319935,http://images.cocodataset.org/val2017/000000319935.jpg,recliner,,
U0550,319935,http://images.cocodataset.org/val2017/000000319935.jpg,living room,,
U0624,319935,http://images.cocodataset.org/val2017/000000319935.jpg,mirror,,
U0678,319935,http://images.cocodataset.org/val2017/000000319935.jpg,sink,,
U0708,319935,http://images.cocodataset.org/val2017/000000319935.jpg,crutch,,
U0731,319935,http://images.cocodataset.org/val2017/000000319935.jpg,chair,,
U0781,319935,http://images.cocodataset.org/val2017/000000319935.jpg,bedspread,,
U0787,319935,http://images.cocodataset.org/val2017/000000319935.jpg,armchair,,
U0814,319935,http://images.cocodataset.org/val2017/000000319935.jpg,tv,,
U0903,319935,http://images.cocodataset.org/val2017/000000319935.jpg,pillow,,
U0908,319935,http://images.cocodataset.org/val2017/000000319935.jpg,couch,,
U0023,367386,http://images.cocodataset.org/val2017/000000367386.jpg,person,,
U0030,367386,http://images.cocodataset.org/val2017/000000367386.jpg,object,,
U0041,367386,http://images.cocodataset.org/val2017/000000367386.jpg,quilt,,
U0092,367386,http://images.cocodataset.org/val2017/000000367386.jpg,sink,,
U0172,367386,http://images.cocodataset.org/val2017/000000367386.jpg,coffee table,,
U0193,367386,http://images.cocodataset.org/val2017/000000367386.jpg,bed,,
U0354,367386,http://images.cocodataset.org/val2017/000000367386.jpg,chair,,
U0358,367386,http://images.cocodataset.org/val2017/000000367386.jpg,bedspread,,
U0501,367386,http://images.cocodataset.org/val2017/000000367386.jpg,couch,,
U0507,367386,http://images.cocodataset.org/val2017/000000367386.jpg,pillow,,
U0568,367386,http://images.cocodataset.org/val2017/000000367386.jpg,painting,,
U0603,367386,http://images.cocodataset.org/val2017/000000367386.jpg,window,,
U0617,367386,http://images.cocodataset.org/val2017/000000367386.jpg,remote control,,
U0626,367386,http://images.cocodataset.org/val2017/000000367386.jpg,bottle,,
U0654,367386,http://images.cocodataset.org/val2017/000000367386.jpg,lamp,,
U0757,367386,http://images.cocodataset.org/val2017/000000367386.jpg,area,,
U0779,367386,http://images.cocodataset.org/val2017/000000367386.jpg,television set,,
U1002,367386,http://images.cocodataset.org/val2017/000000367386.jpg,sofa,,
U1003,367386,http://images.cocodataset.org/val2017/000000367386.jpg,recliner,,
U1007,367386,http://images.cocodataset.org/val2017/000000367386.jpg,bowl,,
U1017,367386,http://images.cocodataset.org/val2017/000000367386.jpg,living room,,
U0060,381330,http://images.cocodataset.org/train2017/000000381330.jpg,banana,,
U0080,381330,http://images.cocodataset.org/train2017/000000381330.jpg,stove,,
U0082,381330,http://images.cocodataset.org/train2017/000000381330.jpg,dining table,,
U0117,381330,http://images.cocodataset.org/train2017/000000381330.jpg,bed,,
U0122,381330,http://images.cocodataset.org/train2017/000000381330.jpg,child,,
U0143,381330,http://images.cocodataset.org/train2017/000000381330.jpg,book,,
U0150,381330,http://images.cocodataset.org/train2017/000000381330.jpg,bottle,,
U0168,381330,http://images.cocodataset.org/train2017/000000381330.jpg,object,,
U0252,381330,http://images.cocodataset.org/train2017/000000381330.jpg,apple,,
U0399,381330,http://images.cocodataset.org/train2017/000000381330.jpg,sink,,
U0466,381330,http://images.cocodataset.org/train2017/000000381330.jpg,chair,,
U0520,381330,http://images.cocodataset.org/train2017/000000381330.jpg,kitchen,,
U0567,381330,http://images.cocodataset.org/train2017/000000381330.jpg,little girl,,
U0727,381330,http://images.cocodataset.org/train2017/000000381330.jpg,sofa,,
U0822,381330,http://images.cocodataset.org/train2017/000000381330.jpg,remote control,,
U0930,381330,http://images.cocodataset.org/train2017/000000381330.jpg,person,,
U0975,381330,http://images.cocodataset.org/train2017/000000381330.jpg,area,,
U0986,381330,http://images.cocodataset.org/train2017/000000381330.jpg,cookie,,
U1034,381330,http://images.cocodataset.org/train2017/000000381330.jpg,orange,,
U0075,386799,http://images.cocodataset.org/train2017/000000386799.jpg,window,,
U0079,386799,http://images.cocodataset.org/train2017/000000386799.jpg,book,,
U0134,386799,http://images.cocodataset.org/train2017/000000386799.jpg,toilet paper,,
U0178,386799,http://images.cocodataset.org/train2017/000000386799.jpg,bathtub,,
U0338,386799,http://images.cocodataset.org/train2017/000000386799.jpg,bathroom,,
U0343,386799,http://images.cocodataset.org/train2017/000000386799.jpg,object,,
U0427,386799,http://images.cocodataset.org/train2017/000000386799.jpg,toilet,,
U0435,386799,http://images.cocodataset.org/train2017/000000386799.jpg,bottle,,
U0562,386799,http://images.cocodataset.org/train2017/000000386799.jpg,tub,,
U0610,386799,http://images.cocodataset.org/train2017/000000386799.jpg,person,,
U0703,386799,http://images.cocodataset.org/train2017/000000386799.jpg,sink,,
U0730,386799,http://images.cocodataset.org/train2017/000000386799.jpg,shower head,,
U0788,386799,http://images.cocodataset.org/train2017/000000386799.jpg,sofa,,
U0805,386799,http://images.cocodataset.org/train2017/000000386799.jpg,bed,,
U0819,386799,http://images.cocodataset.org/train2017/000000386799.jpg,chair,,
U0853,386799,http://images.cocodataset.org/train2017/000000386799.jpg,area,,
U0914,386799,http://images.cocodataset.org/train2017/000000386799.jpg,mirror,,
U0922,386799,http://images.cocodataset.org/train2017/000000386799.jpg,toilet tissue,,
U0119,395259,http://images.cocodataset.org/train2017/000000395259.jpg,backpack,,
U0163,395259,http://images.cocodataset.org/train2017/000000395259.jpg,cushion,,
U0192,395259,http://images.cocodataset.org/train2017/000000395259.jpg,object,,
U0288,395259,http://images.cocodataset.org/train2017/000000395259.jpg,person,,
U0291,395259,http://images.cocodataset.org/train2017/000000395259.jpg,sofa,,
U0310,395259,http://images.cocodataset.org/train2017/000000395259.jpg,chair,,
U0311,395259,http://images.cocodataset.org/train2017/000000395259.jpg,bedspread,,
U0369,395259,http://images.cocodataset.org/train2017/000000395259.jpg,area,,
U0377,395259,http://images.cocodataset.org/train2017/000000395259.jpg,lots of stuff,,
U0443,395259,http://images.cocodataset.org/train2017/000000395259.jpg,desk,,
U0455,395259,http://images.cocodataset.org/train2017/000000395259.jpg,messy room,,
U0510,395259,http://images.cocodataset.org/train2017/000000395259.jpg,sink,,
U0563,395259,http://images.cocodataset.org/train2017/000000395259.jpg,suitcase,,
U0605,395259,http://images.cocodataset.org/train2017/000000395259.jpg,water bottles,,
U0612,395259,http://images.cocodataset.org/train2017/000000395259.jpg,bottle,,
U0817,395259,http://images.cocodataset.org/train2017/000000395259.jpg,luggage,,
U0842,395259,http://images.cocodataset.org/train2017/000000395259.jpg,bed,,
U0852,395259,http://images.cocodataset.org/train2017/000000395259.jpg,towel,,
U0939,395259,http://images.cocodataset.org/train2017/000000395259.jpg,refrigerator,,
U1025,395259,http://images.cocodataset.org/train2017/000000395259.jpg,book,,
U1043,395259,http://images.cocodataset.org/train2017/000000395259.jpg,pillow,,
U0044,395701,http://images.cocodataset.org/val2017/000000395701.jpg,armchair,,
U0083,395701,http://images.cocodataset.org/val2017/000000395701.jpg,speaker,,
U0105,395701,http://images.cocodataset.org/val2017/000000395701.jpg,sink,,
U0165,395701,http://images.cocodataset.org/val2017/000000395701.jpg,television,,
U0166,395701,http://images.cocodataset.org/val2017/000000395701.jpg,object,,
U0202,395701,http://images.cocodataset.org/val2017/000000395701.jpg,bottle,,
U0221,395701,http://images.cocodataset.org/val2017/000000395701.jpg,remote control,,
U0257,395701,http://images.cocodataset.org/val2017/000000395701.jpg,living room,,
U0274,395701,http://images.cocodataset.org/val2017/000000395701.jpg,book shelf,,
U0281,395701,http://images.cocodataset.org/val2017/000000395701.jpg,books,,
U0290,395701,http://images.cocodataset.org/val2017/000000395701.jpg,area,,
U0350,395701,http://images.cocodataset.org/val2017/000000395701.jpg,bed,,
U0577,395701,http://images.cocodataset.org/val2017/000000395701.jpg,tv,,
U0623,395701,http://images.cocodataset.org/val2017/000000395701.jpg,sofa,,
U0656,395701,http://images.cocodataset.org/val2017/000000395701.jpg,television set,,
U0695,395701,http://images.cocodataset.org/val2017/000000395701.jpg,shelf,,
U0706,395701,http://images.cocodataset.org/val2017/000000395701.jpg,bowl,,
U0707,395701,http://images.cocodataset.org/val2017/000000395701.jpg,book,,
U0741,395701,http://images.cocodataset.org/val2017/000000395701.jpg,orange walls,,
U0900,395701,http://images.cocodataset.org/val2017/000000395701.jpg,recliner,,
U0961,395701,http://images.cocodataset.org/val2017/000000395701.jpg,orange,,
U1006,395701,http://images.cocodataset.org/val2017/000000395701.jpg,person,,
U1026,395701,http://images.cocodataset.org/val2017/000000395701.jpg,chair,,
U0015,396691,http://images.cocodataset.org/train2017/000000396691.jpg,object,,
U0051,396691,http://images.cocodataset.org/train2017/000000396691.jpg,microwave oven,,
U0103,396691,http://images.cocodataset.org/train2017/000000396691.jpg,bottle,,
U0363,396691,http://images.cocodataset.org/train2017/000000396691.jpg,woman,,
U0364,396691,http://images.cocodataset.org/train2017/000000396691.jpg,women,,
U0381,396691,http://images.cocodataset.org/train2017/000000396691.jpg,plate,,
U0393,396691,http://images.cocodataset.org/train2017/000000396691.jpg,stove,,
U0407,396691,http://images.cocodataset.org/train2017/000000396691.jpg,chair,,
U0442,396691,http://images.cocodataset.org/train2017/000000396691.jpg,paper,,
U0459,396691,http://images.cocodataset.org/train2017/000000396691.jpg,dining table,,
U0493,396691,http://images.cocodataset.org/train2017/000000396691.jpg,person,,
U0632,396691,http://images.cocodataset.org/train2017/000000396691.jpg,bowl,,
U0640,396691,http://images.cocodataset.org/train2017/000000396691.jpg,book,,
U0644,396691,http://images.cocodataset.org/train2017/000000396691.jpg,napkin,,
U0737,396691,http://images.cocodataset.org/train2017/000000396691.jpg,sink,,
U0839,396691,http://images.cocodataset.org/train2017/000000396691.jpg,microwave,,
U0866,396691,http://images.cocodataset.org/train2017/000000396691.jpg,area,,
U0875,396691,http://images.cocodataset.org/train2017/000000396691.jpg,bed,,
U0984,396691,http://images.cocodataset.org/train2017/000000396691.jpg,spaghetti,,
U1016,396691,http://images.cocodataset.org/train2017/000000396691.jpg,sofa,,
U1024,396691,http://images.cocodataset.org/train2017/000000396691.jpg,oven,,
U0035,403114,http://images.cocodataset.org/train2017/000000403114.jpg,area,,
U0156,403114,http://images.cocodataset.org/train2017/000000403114.jpg,object,,
U0296,403114,http://images.cocodataset.org/train2017/000000403114.jpg,person,,
U0345,403114,http://images.cocodataset.org/train2017/000000403114.jpg,mirror,,
U0386,403114,http://images.cocodataset.org/train2017/000000403114.jpg,bathroom,,
U0574,403114,http://images.cocodataset.org/train2017/000000403114.jpg,toilet paper,,
U0650,403114,http://images.cocodataset.org/train2017/000000403114.jpg,bottle,,
U0657,403114,http://images.cocodataset.org/train2017/000000403114.jpg,soap dispenser,,
U0673,403114,http://images.cocodataset.org/train2017/000000403114.jpg,toilet tissue,,
U0684,403114,http://images.cocodataset.org/train2017/000000403114.jpg,toilet,,
U0705,403114,http://images.cocodataset.org/train2017/000000403114.jpg,towel,,
U0751,403114,http://images.cocodataset.org/train2017/000000403114.jpg,chair,,
U0758,403114,http://images.cocodataset.org/train2017/000000403114.jpg,sofa,,
U0832,403114,http://images.cocodataset.org/train2017/000000403114.jpg,shower,,
U0883,403114,http://images.cocodataset.org/train2017/000000403114.jpg,book,,
U0907,403114,http://images.cocodataset.org/train2017/000000403114.jpg,bed,,
U0921,403114,http://images.cocodataset.org/train2017/000000403114.jpg,bathtub,,
U0969,403114,http://images.cocodataset.org/train2017/000000403114.jpg,sink,,
U0007,480712,http://images.cocodataset.org/train2017/000000480712.jpg,book,,
U0018,480712,http://images.cocodataset.org/train2017/000000480712.jpg,bed,,
U0091,480712,http://images.cocodataset.org/train2017/000000480712.jpg,desk,,
U0153,480712,http://images.cocodataset.org/train2017/000000480712.jpg,quilt,,
U0216,480712,http://images.cocodataset.org/train2017/000000480712.jpg,bedspread,,
U0240,480712,http://images.cocodataset.org/train2017/000000480712.jpg,water bottle,,
U0349,480712,http://images.cocodataset.org/train2017/000000480712.jpg,sofa,,
U0454,480712,http://images.cocodataset.org/train2017/000000480712.jpg,sink,,
U0594,480712,http://images.cocodataset.org/train2017/000000480712.jpg,chair,,
U0608,480712,http://images.cocodataset.org/train2017/000000480712.jpg,pillow,,
U0780,480712,http://images.cocodataset.org/train2017/000000480712.jpg,blanket,,
U0823,480712,http://images.cocodataset.org/train2017/000000480712.jpg,person,,
U0878,480712,http://images.cocodataset.org/train2017/000000480712.jpg,window,,
U0881,480712,http://images.cocodataset.org/train2017/000000480712.jpg,area,,
U0905,480712,http://images.cocodataset.org/train2017/000000480712.jpg,room,,
U0915,480712,http://images.cocodataset.org/train2017/000000480712.jpg,lamp,,
U0983,480712,http://images.cocodataset.org/train2017/000000480712.jpg,object,,
U0990,480712,http://images.cocodataset.org/train2017/000000480712.jpg,bottle,,
U0002,481819,http://images.cocodataset.org/train2017/000000481819.jpg,couch,,
U0048,481819,http://images.cocodataset.org/train2017/000000481819.jpg,man,,
U0059,481819,http://images.cocodataset.org/train2017/000000481819.jpg,area,,
U0100,481819,http://images.cocodataset.org/train2017/000000481819.jpg,game,,
U0137,481819,http://images.cocodataset.org/train2017/000000481819.jpg,sweater,,
U0164,481819,http://images.cocodataset.org/train2017/000000481819.jpg,television set,,
U0220,481819,http://images.cocodataset.org/train2017/000000481819.jpg,picture,,
U0293,481819,http://images.cocodataset.org/train2017/000000481819.jpg,book,,
U0294,481819,http://images.cocodataset.org/train2017/000000481819.jpg,controller,,
U0379,481819,http://images.cocodataset.org/train2017/000000481819.jpg,men,,
U0464,481819,http://images.cocodataset.org/train2017/000000481819.jpg,remote control,,
U0480,481819,http://images.cocodataset.org/train2017/000000481819.jpg,sink,,
U0487,481819,http://images.cocodataset.org/train2017/000000481819.jpg,pajamas,,
U0521,481819,http://images.cocodataset.org/train2017/000000481819.jpg,mirror,,
U0609,481819,http://images.cocodataset.org/train2017/000000481819.jpg,wii,,
U0660,481819,http://images.cocodataset.org/train2017/000000481819.jpg,chair,,
U0679,481819,http://images.cocodataset.org/train2017/000000481819.jpg,object,,
U0690,481819,http://images.cocodataset.org/train2017/000000481819.jpg,sofa,,
U0726,481819,http://images.cocodataset.org/train2017/000000481819.jpg,pillow,,
U0760,481819,http://images.cocodataset.org/train2017/000000481819.jpg,bottle,,
U0935,481819,http://images.cocodataset.org/train2017/000000481819.jpg,bed,,
U0937,481819,http://images.cocodataset.org/train2017/000000481819.jpg,fan,,
U0941,481819,http://images.cocodataset.org/train2017/000000481819.jpg,video game,,
U1039,481819,http://images.cocodataset.org/train2017/000000481819.jpg,person,,
U1041,481819,http://images.cocodataset.org/train2017/000000481819.jpg,remote,,
U0009,491497,http://images.cocodataset.org/val2017/000000491497.jpg,bottle,,
U0061,491497,http://images.cocodataset.org/val2017/000000491497.jpg,object,,
U0087,491497,http://images.cocodataset.org/val2017/000000491497.jpg,bowl,,
U0093,491497,http://images.cocodataset.org/val2017/000000491497.jpg,bedspread,,
U0110,491497,http://images.cocodataset.org/val2017/000000491497.jpg,television set,,
U0210,491497,http://images.cocodataset.org/val2017/000000491497.jpg,bed,,
U0390,491497,http://images.cocodataset.org/val2017/000000491497.jpg,living room,,
U0497,491497,http://images.cocodataset.org/val2017/000000491497.jpg,sink,,
U0661,491497,http://images.cocodataset.org/val2017/000000491497.jpg,recliner,,
U0683,491497,http://images.cocodataset.org/val2017/000000491497.jpg,area,,
U0725,491497,http://images.cocodataset.org/val2017/000000491497.jpg,bookshelf,,
U0815,491497,http://images.cocodataset.org/val2017/000000491497.jpg,chair,,
U0825,491497,http://images.cocodataset.org/val2017/000000491497.jpg,pillow,,
U0872,491497,http://images.cocodataset.org/val2017/000000491497.jpg,person,,
U0874,491497,http://images.cocodataset.org/val2017/000000491497.jpg,armchair,,
U0888,491497,http://images.cocodataset.org/val2017/000000491497.jpg,curtains,,
U0910,491497,http://images.cocodataset.org/val2017/000000491497.jpg,bookcase,,
U0977,491497,http://images.cocodataset.org/val2017/000000491497.jpg,sofa,,
U0991,491497,http://images.cocodataset.org/val2017/000000491497.jpg,television,,
U0013,492719,http://images.cocodataset.org/train2017/000000492719.jpg,soap,,
U0161,492719,http://images.cocodataset.org/train2017/000000492719.jpg,bed,,
U0206,492719,http://images.cocodataset.org/train2017/000000492719.jpg,person,,
U0316,492719,http://images.cocodataset.org/train2017/000000492719.jpg,bottle,,
U0334,492719,http://images.cocodataset.org/train2017/000000492719.jpg,toilet tissue,,
U0383,492719,http://images.cocodataset.org/train2017/000000492719.jpg,book,,
U0421,492719,http://images.cocodataset.org/train2017/000000492719.jpg,sink,,
U0519,492719,http://images.cocodataset.org/train2017/000000492719.jpg,towel,,
U0543,492719,http://images.cocodataset.org/train2017/000000492719.jpg,toilet,,
U0585,492719,http://images.cocodataset.org/train2017/000000492719.jpg,bathtub,,
U0599,492719,http://images.cocodataset.org/train2017/000000492719.jpg,sofa,,
U0662,492719,http://images.cocodataset.org/train2017/000000492719.jpg,object,,
U0680,492719,http://images.cocodataset.org/train2017/000000492719.jpg,area,,
U0685,492719,http://images.cocodataset.org/train2017/000000492719.jpg,bedspread,,
U0808,492719,http://images.cocodataset.org/train2017/000000492719.jpg,toilet paper,,
U0904,492719,http://images.cocodataset.org/train2017/000000492719.jpg,recliner,,
U0951,492719,http://images.cocodataset.org/train2017/000000492719.jpg,bathroom,,
U0952,492719,http://images.cocodataset.org/train2017/000000492719.jpg,chair,,
U0954,492719,http://images.cocodataset.org/train2017/000000492719.jpg,mirror,,
U0001,503697,http://images.cocodataset.org/train2017/000000503697.jpg,book,,
U0043,503697,http://images.cocodataset.org/train2017/000000503697.jpg,bottle,,
U0099,503697,http://images.cocodataset.org/train2017/000000503697.jpg,lamp,,
U0174,503697,http://images.cocodataset.org/train2017/000000503697.jpg,quilt,,
U0249,503697,http://images.cocodataset.org/train2017/000000503697.jpg,table,,
U0317,503697,http://images.cocodataset.org/train2017/000000503697.jpg,bed,,
U0357,503697,http://images.cocodataset.org/train2017/000000503697.jpg,object,,
U0503,503697,http://images.cocodataset.org/train2017/000000503697.jpg,sofa,,
U0538,503697,http://images.cocodataset.org/train2017/000000503697.jpg,curtain,,
U0571,503697,http://images.cocodataset.org/train2017/000000503697.jpg,living room,,
U0613,503697,http://images.cocodataset.org/train2017/000000503697.jpg,coffee table,,
U0691,503697,http://images.cocodataset.org/train2017/000000503697.jpg,sink,,
U0754,503697,http://images.cocodataset.org/train2017/000000503697.jpg,couch,,
U0769,503697,http://images.cocodataset.org/train2017/000000503697.jpg,chair,,
U0795,503697,http://images.cocodataset.org/train2017/000000503697.jpg,painting,,
U0829,503697,http://images.cocodataset.org/train2017/000000503697.jpg,area,,
U0837,503697,http://images.cocodataset.org/train2017/000000503697.jpg,bedspread,,
U0850,503697,http://images.cocodataset.org/train2017/000000503697.jpg,recliner,,
U0851,503697,http://images.cocodataset.org/train2017/000000503697.jpg,wall,,
U0873,503697,http://images.cocodataset.org/train2017/000000503697.jpg,person,,
U1038,503697,http://images.cocodataset.org/train2017/000000503697.jpg,mirror,,
U0052,510852,http://images.cocodataset.org/train2017/000000510852.jpg,bathtub,,
U0116,510852,http://images.cocodataset.org/train2017/000000510852.jpg,glass shower door,,
U0124,510852,http://images.cocodataset.org/train2017/000000510852.jpg,shampoo bottle,,
U0227,510852,http://images.cocodataset.org/train2017/000000510852.jpg,bottle,,
U0255,510852,http://images.cocodataset.org/train2017/000000510852.jpg,mirror,,
U0297,510852,http://images.cocodataset.org/train2017/000000510852.jpg,bathroom,,
U0331,510852,http://images.cocodataset.org/train2017/000000510852.jpg,sofa,,
U0398,510852,http://images.cocodataset.org/train2017/000000510852.jpg,chair,,
U0446,510852,http://images.cocodataset.org/train2017/000000510852.jpg,toothbrush,,
U0496,510852,http://images.cocodataset.org/train2017/000000510852.jpg,hairbrush,,
U0526,510852,http://images.cocodataset.org/train2017/000000510852.jpg,shower,,
U0535,510852,http://images.cocodataset.org/train2017/000000510852.jpg,toilet,,
U0556,510852,http://images.cocodataset.org/train2017/000000510852.jpg,towel,,
U0582,510852,http://images.cocodataset.org/train2017/000000510852.jpg,bed,,
U0739,510852,http://images.cocodataset.org/train2017/000000510852.jpg,person,,
U0748,510852,http://images.cocodataset.org/train2017/000000510852.jpg,sink,,
U0759,510852,http://images.cocodataset.org/train2017/000000510852.jpg,area,,
U0893,510852,http://images.cocodataset.org/train2017/000000510852.jpg,towel rack,,
U0934,510852,http://images.cocodataset.org/train2017/000000510852.jpg,book,,
U0968,510852,http://images.cocodataset.org/train2017/000000510852.jpg,shower curtain,,
U1008,510852,http://images.cocodataset.org/train2017/000000510852.jpg,object,,
U1027,510852,http://images.cocodataset.org/train2017/000000510852.jpg,soap dispenser,,
U1037,510852,http://images.cocodataset.org/train2017/000000510852.jpg,shower head,,
U0088,513138,http://images.cocodataset.org/train2017/000000513138.jpg,dog,,
U0112,513138,http://images.cocodataset.org/train2017/000000513138.jpg,chair,,
U0147,513138,http://images.cocodataset.org/train2017/000000513138.jpg,quilt,,
U0218,513138,http://images.cocodataset.org/train2017/000000513138.jpg,living room,,
U0365,513138,http://images.cocodataset.org/train2017/000000513138.jpg,area,,
U0485,513138,http://images.cocodataset.org/train2017/000000513138.jpg,sofa,,
U0529,513138,http://images.cocodataset.org/train2017/000000513138.jpg,pillow,,
U0560,513138,http://images.cocodataset.org/train2017/000000513138.jpg,bottle,,
U0802,513138,http://images.cocodataset.org/train2017/000000513138.jpg,bed,,
U0862,513138,http://images.cocodataset.org/train2017/000000513138.jpg,cushion,,
U0898,513138,http://images.cocodataset.org/train2017/000000513138.jpg,blanket,,
U0909,513138,http://images.cocodataset.org/train2017/000000513138.jpg,dog sleeping,,
U0927,513138,http://images.cocodataset.org/train2017/000000513138.jpg,person,,
U0931,513138,http://images.cocodataset.org/train2017/000000513138.jpg,recliner,,
U0947,513138,http://images.cocodataset.org/train2017/000000513138.jpg,couch,,
U0971,513138,http://images.cocodataset.org/train2017/000000513138.jpg,object,,
U1014,513138,http://images.cocodataset.org/train2017/000000513138.jpg,book,,
U1022,513138,http://images.cocodataset.org/train2017/000000513138.jpg,sink,,
U0014,529069,http://images.cocodataset.org/train2017/000000529069.jpg,table lamp,,
U0076,529069,http://images.cocodataset.org/train2017/000000529069.jpg,mirror,,
U0127,529069,http://images.cocodataset.org/train2017/000000529069.jpg,object,,
U0128,529069,http://images.cocodataset.org/train2017/000000529069.jpg,book,,
U0131,529069,http://images.cocodataset.org/train2017/000000529069.jpg,person,,
U0209,529069,http://images.cocodataset.org/train2017/000000529069.jpg,bathroom,,
U0330,529069,http://images.cocodataset.org/train2017/000000529069.jpg,picture,,
U0372,529069,http://images.cocodataset.org/train2017/000000529069.jpg,sofa,,
U0506,529069,http://images.cocodataset.org/train2017/000000529069.jpg,light,,
U0547,529069,http://images.cocodataset.org/train2017/000000529069.jpg,bottle,,
U0573,529069,http://images.cocodataset.org/train2017/000000529069.jpg,bed,,
U0627,529069,http://images.cocodataset.org/train2017/000000529069.jpg,bathtub,,
U0696,529069,http://images.cocodataset.org/train2017/000000529069.jpg,towel,,
U0714,529069,http://images.cocodataset.org/train2017/000000529069.jpg,toilet paper,,
U0738,529069,http://images.cocodataset.org/train2017/000000529069.jpg,toilet,,
U0865,529069,http://images.cocodataset.org/train2017/000000529069.jpg,area,,
U0870,529069,http://images.cocodataset.org/train2017/000000529069.jpg,chair,,
U0923,529069,http://images.cocodataset.org/train2017/000000529069.jpg,lamp,,
U0962,529069,http://images.cocodataset.org/train2017/000000529069.jpg,toilet tissue,,
U1011,529069,http://images.cocodataset.org/train2017/000000529069.jpg,sink,,
U0022,530933,http://images.cocodataset.org/train2017/000000530933.jpg,person,,
U0053,530933,http://images.cocodataset.org/train2017/000000530933.jpg,bottle,,
U0130,530933,http://images.cocodataset.org/train2017/000000530933.jpg,area,,
U0195,530933,http://images.cocodataset.org/train2017/000000530933.jpg,shower head,,
U0226,530933,http://images.cocodataset.org/train2017/000000530933.jpg,sink,,
U0243,530933,http://images.cocodataset.org/train2017/000000530933.jpg,bathtub,,
U0409,530933,http://images.cocodataset.org/train2017/000000530933.jpg,toilet seat,,
U0423,530933,http://images.cocodataset.org/train2017/000000530933.jpg,toilet brush,,
U0457,530933,http://images.cocodataset.org/train2017/000000530933.jpg,shower,,
U0724,530933,http://images.cocodataset.org/train2017/000000530933.jpg,book,,
U0728,530933,http://images.cocodataset.org/train2017/000000530933.jpg,toilet lid,,
U0744,530933,http://images.cocodataset.org/train2017/000000530933.jpg,chair,,
U0772,530933,http://images.cocodataset.org/train2017/000000530933.jpg,toilet paper,,
U0776,530933,http://images.cocodataset.org/train2017/000000530933.jpg,object,,
U0797,530933,http://images.cocodataset.org/train2017/000000530933.jpg,wheelchair,,
U0843,530933,http://images.cocodataset.org/train2017/000000530933.jpg,toilet,,
U0880,530933,http://images.cocodataset.org/train2017/000000530933.jpg,sofa,,
U0902,530933,http://images.cocodataset.org/train2017/000000530933.jpg,bathroom,,
U0980,530933,http://images.cocodataset.org/train2017/000000530933.jpg,toilet tissue,,
U1040,530933,http://images.cocodataset.org/train2017/000000530933.jpg,bed,,
U0096,546219,http://images.cocodataset.org/val2017/000000546219.jpg,dining table,,
U0141,546219,http://images.cocodataset.org/val2017/000000546219.jpg,table,,
U0204,546219,http://images.cocodataset.org/val2017/000000546219.jpg,bed,,
U0241,546219,http://images.cocodataset.org/val2017/000000546219.jpg,spoon,,
U0284,546219,http://images.cocodataset.org/val2017/000000546219.jpg,coffee table,,
U0344,546219,http://images.cocodataset.org/val2017/000000546219.jpg,sofa,,
U0385,546219,http://images.cocodataset.org/val2017/000000546219.jpg,area,,
U0422,546219,http://images.cocodataset.org/val2017/000000546219.jpg,person,,
U0436,546219,http://images.cocodataset.org/val2017/000000546219.jpg,walking stick,,
U0438,546219,http://images.cocodataset.org/val2017/000000546219.jpg,knife,,
U0458,546219,http://images.cocodataset.org/val2017/000000546219.jpg,plate,,
U0486,546219,http://images.cocodataset.org/val2017/000000546219.jpg,glass,,
U0541,546219,http://images.cocodataset.org/val2017/000000546219.jpg,cup,,
U0546,546219,http://images.cocodataset.org/val2017/000000546219.jpg,sink,,
U0641,546219,http://images.cocodataset.org/val2017/000000546219.jpg,object,,
U0686,546219,http://images.cocodataset.org/val2017/000000546219.jpg,bottle,,
U0693,546219,http://images.cocodataset.org/val2017/000000546219.jpg,book,,
U0844,546219,http://images.cocodataset.org/val2017/000000546219.jpg,around a table,,
U0848,546219,http://images.cocodataset.org/val2017/000000546219.jpg,napkin,,
U0895,546219,http://images.cocodataset.org/val2017/000000546219.jpg,chair,,
U0944,546219,http://images.cocodataset.org/val2017/000000546219.jpg,fork,,
U0999,546219,http://images.cocodataset.org/val2017/000000546219.jpg,group of people,,
U0039,577507,http://images.cocodataset.org/train2017/000000577507.jpg,refrigerator,,
U0054,577507,http://images.cocodataset.org/train2017/000000577507.jpg,coffee maker,,
U0058,577507,http://images.cocodataset.org/train2017/000000577507.jpg,microwave oven,,
U0160,577507,http://images.cocodataset.org/train2017/000000577507.jpg,object,,
U0187,577507,http://images.cocodataset.org/train2017/000000577507.jpg,chair,,
U0199,577507,http://images.cocodataset.org/train2017/000000577507.jpg,microwave,,
U0214,577507,http://images.cocodataset.org/train2017/000000577507.jpg,teapot,,
U0233,577507,http://images.cocodataset.org/train2017/000000577507.jpg,counter top,,
U0247,577507,http://images.cocodataset.org/train2017/000000577507.jpg,chairs,,
U0346,577507,http://images.cocodataset.org/train2017/000000577507.jpg,person,,
U0382,577507,http://images.cocodataset.org/train2017/000000577507.jpg,bed,,
U0481,577507,http://images.cocodataset.org/train2017/000000577507.jpg,book,,
U0483,577507,http://images.cocodataset.org/train2017/000000577507.jpg,sink,,
U0548,577507,http://images.cocodataset.org/train2017/000000577507.jpg,table,,
U0551,577507,http://images.cocodataset.org/train2017/000000577507.jpg,dining table,,
U0591,577507,http://images.cocodataset.org/train2017/000000577507.jpg,sofa,,
U0622,577507,http://images.cocodataset.org/train2017/000000577507.jpg,kitchen,,
U0790,577507,http://images.cocodataset.org/train2017/000000577507.jpg,kettle,,
U0811,577507,http://images.cocodataset.org/train2017/000000577507.jpg,counter,,
U0833,577507,http://images.cocodataset.org/train2017/000000577507.jpg,bottle,,
U0918,577507,http://images.cocodataset.org/train2017/000000577507.jpg,stove,,
U0938,577507,http://images.cocodataset.org/train2017/000000577507.jpg,area,,
U1013,577507,http://images.cocodataset.org/train2017/000000577507.jpg,countertop,,
