method,room,n,precision3,recall6,hit3
blip2_caption,bathroom,60,0.9907407407407407,0.36662698412698413,0.9
blip2_caption,bedroom,60,0.9827586206896551,0.32025132275132273,0.9666666666666667
blip2_caption,dining,43,1.0,0.14138142219537567,0.7209302325581395
blip2_caption,kitchen,60,1.0,0.1396021571021571,0.75
blip2_caption,living room,60,0.9907407407407407,0.2029840067340067,0.9
blip2_orig,bathroom,60,0.16666666666666666,0.0,0.16666666666666666
blip2_orig,bedroom,60,0.2,0.0,0.2
blip2_orig,dining,43,0.5348837209302325,0.0,0.5348837209302325
blip2_orig,kitchen,60,0.35,0.0,0.35
blip2_orig,living room,60,0.3333333333333333,0.0,0.3333333333333333
blip2_qa,bathroom,60,0.9632768361581922,0.461031746031746,0.9666666666666667
blip2_qa,bedroom,60,0.9576271186440678,0.33910052910052907,0.9833333333333333
blip2_qa,dining,43,0.96875,0.16314221953756836,0.7441860465116279
blip2_qa,kitchen,60,0.9239766081871345,0.27012566137566135,0.95
blip2_qa,living room,60,0.9404761904761905,0.2828120490620491,0.9333333333333333
clip,bathroom,60,0.9463276836158192,0.6764285714285715,0.9833333333333333
clip,bedroom,60,0.9722222222222222,0.48621031746031745,1.0
clip,dining,43,0.9186046511627907,0.48817158293902474,0.9767441860465116
clip,kitchen,60,0.75,0.3125707163207163,0.9166666666666666
clip,living room,60,0.8983050847457628,0.3808429533429533,0.9666666666666667
qwen_vl,bathroom,60,1.0,0.5943253968253969,0.9
qwen_vl,bedroom,60,0.9766081871345029,0.5048677248677248,0.95
qwen_vl,dining,43,0.9563492063492063,0.45086999563743746,0.9534883720930233
qwen_vl,kitchen,60,0.9491525423728814,0.3995263532763532,0.9833333333333333
qwen_vl,living room,60,0.9666666666666667,0.5008489658489659,1.0
static,bathroom,60,0.3722222222222222,0.24833333333333335,0.8666666666666667
static,bedroom,60,0.14444444444444443,0.325218253968254,0.36666666666666664
static,dining,43,0.3023255813953488,0.1432464176650223,0.6976744186046512
static,kitchen,60,0.45,0.2240059015059015,0.7833333333333333
static,living room,60,0.21666666666666667,0.27255531505531505,0.6
